target_time,hour,station_index,station_id,station_name,city,city_en,lon,lat,pollutant,raw_gicon,chop,ground_truth
2023-02-03T00:00:00,0,0,1141A,普陀,上海市,shanghai,121.4,31.238,pm25,35.635738372802734,10.64055061340332,10.0
2023-02-03T00:00:00,0,0,1141A,普陀,上海市,shanghai,121.4,31.238,o3,36.59973907470703,59.17930603027344,57.0
2023-02-03T00:00:00,0,1,1142A,十五厂,上海市,shanghai,121.478,31.204,pm25,40.18090057373047,22.029081344604492,6.999998092651367
2023-02-03T00:00:00,0,1,1142A,十五厂,上海市,shanghai,121.478,31.204,o3,29.618900299072266,47.49341583251953,46.0
2023-02-03T00:00:00,0,2,1143A,虹口,上海市,shanghai,121.467,31.301,pm25,39.76266098022461,17.434791564941406,12.0
2023-02-03T00:00:00,0,2,1143A,虹口,上海市,shanghai,121.467,31.301,o3,29.229156494140625,46.59882354736328,41.0
2023-02-03T00:00:00,0,3,1144A,徐汇上师大,上海市,shanghai,121.412,31.165,pm25,36.35573959350586,13.688072204589844,14.0
2023-02-03T00:00:00,0,3,1144A,徐汇上师大,上海市,shanghai,121.412,31.165,o3,29.87082290649414,50.07079315185547,46.0
2023-02-03T00:00:00,0,4,1145A,杨浦四漂,上海市,shanghai,121.536,31.266,pm25,36.79419708251953,11.653461456298828,6.999998092651367
2023-02-03T00:00:00,0,4,1145A,杨浦四漂,上海市,shanghai,121.536,31.266,o3,30.716102600097656,48.869632720947266,49.0
2023-02-03T00:00:00,0,5,1147A,静安监测站,上海市,shanghai,121.425,31.226,pm25,35.38560485839844,11.454366683959961,6.0
2023-02-03T00:00:00,0,5,1147A,静安监测站,上海市,shanghai,121.425,31.226,o3,32.1607666015625,53.38884353637695,53.0
2023-02-03T00:00:00,0,6,1148A,浦东川沙,上海市,shanghai,121.703,31.191,pm25,38.398460388183594,13.141101837158203,13.0
2023-02-03T00:00:00,0,6,1148A,浦东川沙,上海市,shanghai,121.703,31.191,o3,28.362300872802734,48.762516021728516,49.0
2023-02-03T00:00:00,0,7,1149A,浦东新区监测站,上海市,shanghai,121.533,31.228,pm25,37.538692474365234,12.667837142944336,11.0
2023-02-03T00:00:00,0,7,1149A,浦东新区监测站,上海市,shanghai,121.533,31.228,o3,28.220447540283203,45.505435943603516,38.0
2023-02-03T00:00:00,0,8,1150A,浦东张江,上海市,shanghai,121.577,31.207,pm25,34.84718704223633,12.050817489624023,8.0
2023-02-03T00:00:00,0,8,1150A,浦东张江,上海市,shanghai,121.577,31.207,o3,28.517688751220703,49.95349884033203,46.0
2023-02-03T00:00:00,0,9,1151A,迈皋桥,南京市,nanjing,118.809,32.106,pm25,80.24867248535156,31.084423065185547,19.0
2023-02-03T00:00:00,0,9,1151A,迈皋桥,南京市,nanjing,118.809,32.106,o3,10.856330871582031,27.22187042236328,24.0
2023-02-03T00:00:00,0,10,1152A,草场门,南京市,nanjing,118.754,32.055,pm25,80.37193298339844,31.05599594116211,17.0
2023-02-03T00:00:00,0,10,1152A,草场门,南京市,nanjing,118.754,32.055,o3,10.274532318115234,24.55168914794922,20.0
2023-02-03T00:00:00,0,11,1153A,山西路,南京市,nanjing,118.779,32.074,pm25,85.81035614013672,36.23043441772461,24.0
2023-02-03T00:00:00,0,11,1153A,山西路,南京市,nanjing,118.779,32.074,o3,11.408744812011719,31.657142639160156,16.0
2023-02-03T00:00:00,0,12,1154A,中华门,南京市,nanjing,118.775,32.002,pm25,80.70211791992188,30.9022216796875,22.0
2023-02-03T00:00:00,0,12,1154A,中华门,南京市,nanjing,118.775,32.002,o3,10.851211547851562,31.551334381103516,26.0
2023-02-03T00:00:00,0,13,1155A,瑞金路,南京市,nanjing,118.811,32.031,pm25,83.61737823486328,34.072288513183594,24.0
2023-02-03T00:00:00,0,13,1155A,瑞金路,南京市,nanjing,118.811,32.031,o3,10.370651245117188,26.2803955078125,20.0
2023-02-03T00:00:00,0,14,1156A,玄武湖,南京市,nanjing,118.8,32.075,pm25,82.2188949584961,31.840139389038086,20.0
2023-02-03T00:00:00,0,14,1156A,玄武湖,南京市,nanjing,118.8,32.075,o3,9.274669647216797,19.115867614746094,6.0
2023-02-03T00:00:00,0,15,1157A,浦口,南京市,nanjing,118.641,32.093,pm25,75.92872619628906,25.277971267700195,27.0
2023-02-03T00:00:00,0,15,1157A,浦口,南京市,nanjing,118.641,32.093,o3,11.609245300292969,32.277748107910156,30.0
2023-02-03T00:00:00,0,16,1158A,奥体中心,南京市,nanjing,118.736,32.0,pm25,89.3094253540039,41.52206039428711,24.0
2023-02-03T00:00:00,0,16,1158A,奥体中心,南京市,nanjing,118.736,32.0,o3,11.390762329101562,32.08087921142578,24.0
2023-02-03T00:00:00,0,17,1159A,仙林大学城,南京市,nanjing,118.912,32.103,pm25,80.07442474365234,29.343774795532227,14.0
2023-02-03T00:00:00,0,17,1159A,仙林大学城,南京市,nanjing,118.912,32.103,o3,10.445858001708984,25.563411712646484,21.0
2023-02-03T00:00:00,0,18,1160A,上方山,苏州市,suzhou,120.561,31.247,pm25,41.2178840637207,23.071086883544922,20.0
2023-02-03T00:00:00,0,18,1160A,上方山,苏州市,suzhou,120.561,31.247,o3,20.943187713623047,35.42762756347656,34.0
2023-02-03T00:00:00,0,19,1162A,彩香,苏州市,suzhou,120.591,31.302,pm25,39.09071731567383,19.654293060302734,17.0
2023-02-03T00:00:00,0,19,1162A,彩香,苏州市,suzhou,120.591,31.302,o3,24.396595001220703,43.11880111694336,42.0
2023-02-03T00:00:00,0,20,1163A,轧钢厂,苏州市,suzhou,120.596,31.326,pm25,38.29524612426758,18.906314849853516,15.0
2023-02-03T00:00:00,0,20,1163A,轧钢厂,苏州市,suzhou,120.596,31.326,o3,21.832496643066406,38.15686798095703,38.0
2023-02-03T00:00:00,0,21,1164A,吴中区,苏州市,suzhou,120.613,31.27,pm25,38.718135833740234,19.395511627197266,18.0
2023-02-03T00:00:00,0,21,1164A,吴中区,苏州市,suzhou,120.613,31.27,o3,25.049346923828125,43.021507263183594,35.0
2023-02-03T00:00:00,0,22,1165A,苏州新区,苏州市,suzhou,120.543,31.299,pm25,40.57012939453125,21.20899200439453,18.0
2023-02-03T00:00:00,0,22,1165A,苏州新区,苏州市,suzhou,120.543,31.299,o3,21.534366607666016,37.53487777709961,38.0
2023-02-03T00:00:00,0,23,1166A,苏州工业园区,苏州市,suzhou,120.669,31.31,pm25,39.857513427734375,21.86290740966797,18.0
2023-02-03T00:00:00,0,23,1166A,苏州工业园区,苏州市,suzhou,120.669,31.31,o3,27.343456268310547,45.35430908203125,50.0
2023-02-03T00:00:00,0,24,1167A,相城区,苏州市,suzhou,120.641,31.371,pm25,38.740352630615234,18.910005569458008,16.0
2023-02-03T00:00:00,0,24,1167A,相城区,苏州市,suzhou,120.641,31.371,o3,24.82479476928711,41.84574890136719,42.0
2023-02-03T00:00:00,0,25,1168A,狼山街道,南通市,nantong,120.91,31.966,pm25,32.450599670410156,8.426353454589844,6.0
2023-02-03T00:00:00,0,25,1168A,狼山街道,南通市,nantong,120.91,31.966,o3,39.38908386230469,58.44293212890625,58.0
2023-02-03T00:00:00,0,26,1169A,虹桥,南通市,nantong,120.86,32.001,pm25,38.03974151611328,15.192132949829102,12.0
2023-02-03T00:00:00,0,26,1169A,虹桥,南通市,nantong,120.86,32.001,o3,37.675689697265625,57.80898666381836,59.0
2023-02-03T00:00:00,0,27,1170A,城中,南通市,nantong,120.87,32.02,pm25,39.00083541870117,17.612255096435547,18.0
2023-02-03T00:00:00,0,27,1170A,城中,南通市,nantong,120.87,32.02,o3,36.26200866699219,55.388221740722656,51.0
2023-02-03T00:00:00,0,28,1171A,星湖花园,南通市,nantong,120.94,31.93,pm25,35.86394119262695,14.501108169555664,9.0
2023-02-03T00:00:00,0,28,1171A,星湖花园,南通市,nantong,120.94,31.93,o3,34.04375457763672,48.641910552978516,48.0
2023-02-03T00:00:00,0,29,1172A,紫琅学院,南通市,nantong,120.81,32.042,pm25,39.4272575378418,18.543275833129883,14.0
2023-02-03T00:00:00,0,29,1172A,紫琅学院,南通市,nantong,120.81,32.042,o3,30.806350708007812,44.67474365234375,35.0
2023-02-03T00:00:00,0,30,1186A,邗江监测站,扬州市,yangzhou,119.389,32.376,pm25,63.80445098876953,24.729995727539062,16.0
2023-02-03T00:00:00,0,30,1186A,邗江监测站,扬州市,yangzhou,119.389,32.376,o3,17.611766815185547,47.579193115234375,50.0
2023-02-03T00:00:00,0,31,1188A,雪浪,无锡市,wuxi,120.269,31.487,pm25,41.02558898925781,20.71737289428711,22.0
2023-02-03T00:00:00,0,31,1188A,雪浪,无锡市,wuxi,120.269,31.487,o3,17.759803771972656,32.60257339477539,30.0
2023-02-03T00:00:00,0,32,1189A,黄巷,无锡市,wuxi,120.275,31.622,pm25,42.396331787109375,22.904117584228516,19.0
2023-02-03T00:00:00,0,32,1189A,黄巷,无锡市,wuxi,120.275,31.622,o3,20.923908233642578,41.02099609375,39.0
2023-02-03T00:00:00,0,33,1190A,曹张,无锡市,wuxi,120.294,31.56,pm25,41.547183990478516,21.189952850341797,17.0
2023-02-03T00:00:00,0,33,1190A,曹张,无锡市,wuxi,120.294,31.56,o3,18.561752319335938,34.32699203491211,31.0
2023-02-03T00:00:00,0,34,1191A,漆塘,无锡市,wuxi,120.242,31.503,pm25,44.239524841308594,25.39185333251953,22.0
2023-02-03T00:00:00,0,34,1191A,漆塘,无锡市,wuxi,120.242,31.503,o3,18.441577911376953,34.76883316040039,32.0
2023-02-03T00:00:00,0,35,1192A,东亭,无锡市,wuxi,120.349,31.586,pm25,43.90386962890625,25.781356811523438,22.0
2023-02-03T00:00:00,0,35,1192A,东亭,无锡市,wuxi,120.349,31.586,o3,18.13370132446289,30.790199279785156,24.0
2023-02-03T00:00:00,0,36,1193A,旺庄,无锡市,wuxi,120.354,31.548,pm25,43.01737976074219,23.200397491455078,19.0
2023-02-03T00:00:00,0,36,1193A,旺庄,无锡市,wuxi,120.354,31.548,o3,18.580032348632812,31.52623748779297,29.0
2023-02-03T00:00:00,0,37,1194A,荣巷,无锡市,wuxi,120.245,31.563,pm25,45.795166015625,29.717512130737305,14.0
2023-02-03T00:00:00,0,37,1194A,荣巷,无锡市,wuxi,120.245,31.563,o3,18.781265258789062,35.61811828613281,34.0
2023-02-03T00:00:00,0,38,1195A,堰桥,无锡市,wuxi,120.299,31.682,pm25,43.75599670410156,23.307218551635742,17.0
2023-02-03T00:00:00,0,38,1195A,堰桥,无锡市,wuxi,120.299,31.682,o3,22.172710418701172,45.26129913330078,45.0
2023-02-03T00:00:00,0,39,1196A,市监测站,常州市,changzhou,119.963,31.762,pm25,48.23945617675781,26.068273544311523,23.0
2023-02-03T00:00:00,0,39,1196A,市监测站,常州市,changzhou,119.963,31.762,o3,20.618877410888672,38.25578308105469,39.0
2023-02-03T00:00:00,0,40,1200A,武进监测站,常州市,changzhou,119.947,31.707,pm25,46.475982666015625,23.883150100708008,15.0
2023-02-03T00:00:00,0,40,1200A,武进监测站,常州市,changzhou,119.947,31.707,o3,19.955821990966797,42.33039093017578,34.0
2023-02-03T00:00:00,0,41,1201A,安家,常州市,changzhou,119.926,31.909,pm25,47.23643112182617,25.603723526000977,25.0
2023-02-03T00:00:00,0,41,1201A,安家,常州市,changzhou,119.926,31.909,o3,24.11294174194336,47.7335090637207,35.0
2023-02-03T00:00:00,0,42,1203A,新区办事处,镇江市,zhenjiang,119.671,32.188,pm25,49.01626205444336,22.55801010131836,18.0
2023-02-03T00:00:00,0,42,1203A,新区办事处,镇江市,zhenjiang,119.671,32.188,o3,23.450889587402344,49.50146484375,48.0
2023-02-03T00:00:00,0,43,1204A,职教中心,镇江市,zhenjiang,119.497,32.197,pm25,60.46894836425781,27.773971557617188,20.0
2023-02-03T00:00:00,0,43,1204A,职教中心,镇江市,zhenjiang,119.497,32.197,o3,15.364513397216797,28.06879425048828,32.0
2023-02-03T00:00:00,0,44,1205A,丹徒区监测站,镇江市,zhenjiang,119.43,32.133,pm25,62.197654724121094,28.188739776611328,21.0
2023-02-03T00:00:00,0,44,1205A,丹徒区监测站,镇江市,zhenjiang,119.43,32.133,o3,15.702457427978516,34.29225158691406,26.0
2023-02-03T00:00:00,0,45,1206A,公园路,泰州市,taizhou,119.905,32.488,pm25,54.799888610839844,28.310226440429688,17.0
2023-02-03T00:00:00,0,45,1206A,公园路,泰州市,taizhou,119.905,32.488,o3,20.224132537841797,39.3566780090332,46.0
2023-02-03T00:00:00,0,46,1207A,莲花,泰州市,taizhou,119.919,32.462,pm25,54.35971450805664,30.211620330810547,25.0
2023-02-03T00:00:00,0,46,1207A,莲花,泰州市,taizhou,119.919,32.462,o3,21.31053924560547,41.98884201049805,45.0
2023-02-03T00:00:00,0,47,1209A,留学生创业园,泰州市,taizhou,119.888,32.464,pm25,52.33610534667969,24.799972534179688,18.0
2023-02-03T00:00:00,0,47,1209A,留学生创业园,泰州市,taizhou,119.888,32.464,o3,19.148731231689453,35.65314483642578,46.0
2023-02-03T00:00:00,0,48,1223A,滨江,杭州市,hangzhou,120.207,30.211,pm25,51.952091217041016,29.505674362182617,25.0
2023-02-03T00:00:00,0,48,1223A,滨江,杭州市,hangzhou,120.207,30.211,o3,17.166122436523438,31.429100036621094,22.0
2023-02-03T00:00:00,0,49,1224A,西溪,杭州市,hangzhou,120.063,30.275,pm25,57.3729362487793,33.99714660644531,31.0
2023-02-03T00:00:00,0,49,1224A,西溪,杭州市,hangzhou,120.063,30.275,o3,15.710746765136719,24.235458374023438,9.000003814697266
2023-02-03T00:00:00,0,50,1226A,下沙,杭州市,hangzhou,120.346,30.315,pm25,54.9924201965332,35.31829833984375,35.0
2023-02-03T00:00:00,0,50,1226A,下沙,杭州市,hangzhou,120.346,30.315,o3,16.508827209472656,18.95962142944336,20.0
2023-02-03T00:00:00,0,51,1227A,卧龙桥,杭州市,hangzhou,120.127,30.246,pm25,56.77105712890625,33.772308349609375,30.0
2023-02-03T00:00:00,0,51,1227A,卧龙桥,杭州市,hangzhou,120.127,30.246,o3,15.903430938720703,26.1612548828125,17.0
2023-02-03T00:00:00,0,52,1228A,浙江农大,杭州市,hangzhou,120.19,30.269,pm25,60.19225311279297,40.376705169677734,40.0
2023-02-03T00:00:00,0,52,1228A,浙江农大,杭州市,hangzhou,120.19,30.269,o3,17.918472290039062,31.544864654541016,24.0
2023-02-03T00:00:00,0,53,1230A,和睦小学,杭州市,hangzhou,120.12,30.312,pm25,59.475364685058594,39.612918853759766,38.0
2023-02-03T00:00:00,0,53,1230A,和睦小学,杭州市,hangzhou,120.12,30.312,o3,16.817150115966797,29.878631591796875,27.0
2023-02-03T00:00:00,0,54,1231A,临平镇,杭州市,hangzhou,120.302,30.418,pm25,51.30769729614258,32.378814697265625,30.0
2023-02-03T00:00:00,0,54,1231A,临平镇,杭州市,hangzhou,120.302,30.418,o3,20.927875518798828,37.13212585449219,30.0
2023-02-03T00:00:00,0,55,1232A,城厢镇,杭州市,hangzhou,120.27,30.182,pm25,57.95350646972656,38.83564376831055,38.0
2023-02-03T00:00:00,0,55,1232A,城厢镇,杭州市,hangzhou,120.27,30.182,o3,17.474361419677734,26.854598999023438,16.0
2023-02-03T00:00:00,0,56,1233A,云栖,杭州市,hangzhou,120.088,30.181,pm25,57.220314025878906,35.3505744934082,28.0
2023-02-03T00:00:00,0,56,1233A,云栖,杭州市,hangzhou,120.088,30.181,o3,16.556808471679688,28.580913543701172,21.0
2023-02-03T00:00:00,0,57,1234A,区环保大楼,宁波市,ningbo,121.836,29.911,pm25,39.740943908691406,17.885623931884766,16.0
2023-02-03T00:00:00,0,57,1234A,区环保大楼,宁波市,ningbo,121.836,29.911,o3,28.93875503540039,38.94170379638672,39.0
2023-02-03T00:00:00,0,58,1235A,万里学院,宁波市,ningbo,121.56,29.82,pm25,39.586734771728516,22.625885009765625,19.0
2023-02-03T00:00:00,0,58,1235A,万里学院,宁波市,ningbo,121.56,29.82,o3,32.53593063354492,46.53020477294922,41.0
2023-02-03T00:00:00,0,59,1236A,龙赛医院,宁波市,ningbo,121.713,29.957,pm25,38.34442138671875,15.62428092956543,11.0
2023-02-03T00:00:00,0,59,1236A,龙赛医院,宁波市,ningbo,121.713,29.957,o3,31.847957611083984,47.818016052246094,49.0
2023-02-03T00:00:00,0,60,1239A,钱湖水厂,宁波市,ningbo,121.633,29.773,pm25,38.06055450439453,19.34117317199707,17.0
2023-02-03T00:00:00,0,60,1239A,钱湖水厂,宁波市,ningbo,121.633,29.773,o3,34.4041748046875,50.81379318237305,40.0
2023-02-03T00:00:00,0,61,1240A,太古小学,宁波市,ningbo,121.586,29.864,pm25,37.812374114990234,18.827173233032227,15.0
2023-02-03T00:00:00,0,61,1240A,太古小学,宁波市,ningbo,121.586,29.864,o3,32.26826858520508,47.963645935058594,35.0
2023-02-03T00:00:00,0,62,1241A,市环境监测中心,宁波市,ningbo,121.524,29.867,pm25,34.493778228759766,13.680004119873047,10.0
2023-02-03T00:00:00,0,62,1241A,市环境监测中心,宁波市,ningbo,121.524,29.867,o3,27.112995147705078,36.922035217285156,25.0
2023-02-03T00:00:00,0,63,1247A,城东开发委,绍兴市,shaoxing,120.605,29.993,pm25,40.411529541015625,19.096799850463867,17.0
2023-02-03T00:00:00,0,63,1247A,城东开发委,绍兴市,shaoxing,120.605,29.993,o3,24.902297973632812,47.72434997558594,43.0
2023-02-03T00:00:00,0,64,1250A,城西水厂,湖州市,huzhou,120.075,30.867,pm25,47.19731140136719,30.02599334716797,29.0
2023-02-03T00:00:00,0,64,1250A,城西水厂,湖州市,huzhou,120.075,30.867,o3,22.12712860107422,39.83087921142578,40.0
2023-02-03T00:00:00,0,65,1252A,清河小学,嘉兴市,jiaxing,120.744,30.778,pm25,40.6482048034668,22.216190338134766,18.0
2023-02-03T00:00:00,0,65,1252A,清河小学,嘉兴市,jiaxing,120.744,30.778,o3,22.828678131103516,38.728553771972656,38.0
2023-02-03T00:00:00,0,66,1253A,嘉兴学院,嘉兴市,jiaxing,120.726,30.748,pm25,41.765323638916016,23.305862426757812,18.0
2023-02-03T00:00:00,0,66,1253A,嘉兴学院,嘉兴市,jiaxing,120.726,30.748,o3,24.258445739746094,41.033653259277344,38.0
2023-02-03T00:00:00,0,67,1255A,黄岩环保大楼,台州市,taizhou,121.273,28.646,pm25,43.78495788574219,17.311071395874023,17.0
2023-02-03T00:00:00,0,67,1255A,黄岩环保大楼,台州市,taizhou,121.273,28.646,o3,36.57780456542969,48.52229309082031,43.0
2023-02-03T00:00:00,0,68,1256A,台州环保大楼,台州市,taizhou,121.419,28.654,pm25,45.33927917480469,18.713130950927734,14.0
2023-02-03T00:00:00,0,68,1256A,台州环保大楼,台州市,taizhou,121.419,28.654,o3,42.51945495605469,60.95221710205078,60.0
2023-02-03T00:00:00,0,69,1257A,路桥田洋王,台州市,taizhou,121.377,28.577,pm25,49.05992889404297,20.32195281982422,15.0
2023-02-03T00:00:00,0,69,1257A,路桥田洋王,台州市,taizhou,121.377,28.577,o3,35.881141662597656,51.923404693603516,48.0
2023-02-03T00:00:00,0,70,1258A,定海檀枫,舟山市,zhoushan,122.122,30.02,pm25,38.76966094970703,15.475799560546875,10.0
2023-02-03T00:00:00,0,70,1258A,定海檀枫,舟山市,zhoushan,122.122,30.02,o3,36.654998779296875,55.54541015625,55.0
2023-02-03T00:00:00,0,71,1259A,普陀东港,舟山市,zhoushan,122.309,29.956,pm25,42.88893127441406,23.316801071166992,12.0
2023-02-03T00:00:00,0,71,1259A,普陀东港,舟山市,zhoushan,122.309,29.956,o3,37.130367279052734,56.773319244384766,53.0
2023-02-03T00:00:00,0,72,1260A,临城新区,舟山市,zhoushan,122.19,29.994,pm25,38.50244140625,15.444883346557617,12.0
2023-02-03T00:00:00,0,72,1260A,临城新区,舟山市,zhoushan,122.19,29.994,o3,35.53079605102539,54.68064880371094,50.0
2023-02-03T00:00:00,0,73,2869A,五台山医院,扬州市,yangzhou,119.447,32.416,pm25,64.91484069824219,24.92197036743164,13.0
2023-02-03T00:00:00,0,73,2869A,五台山医院,扬州市,yangzhou,119.447,32.416,o3,15.412567138671875,38.149391174316406,44.0
2023-02-03T00:00:00,0,74,2870A,市疾控中心,镇江市,zhenjiang,119.442,32.187,pm25,65.10047912597656,29.426925659179688,19.0
2023-02-03T00:00:00,0,74,2870A,市疾控中心,镇江市,zhenjiang,119.442,32.187,o3,15.895301818847656,34.46806335449219,41.0
2023-02-03T00:00:00,0,75,2871A,万里国际学校,宁波市,ningbo,121.615,29.902,pm25,38.88771057128906,18.008031845092773,15.0
2023-02-03T00:00:00,0,75,2871A,万里国际学校,宁波市,ningbo,121.615,29.902,o3,25.92184066772461,35.82874298095703,26.0
2023-02-03T00:00:00,0,76,2872A,南湖区残联,嘉兴市,jiaxing,120.785,30.752,pm25,42.10104751586914,25.33277702331543,22.0
2023-02-03T00:00:00,0,76,2872A,南湖区残联,嘉兴市,jiaxing,120.785,30.752,o3,23.808841705322266,40.55066680908203,35.0
2023-02-03T00:00:00,0,77,2873A,仁皇山新区,湖州市,huzhou,120.088,30.896,pm25,46.47523498535156,29.939252853393555,26.0
2023-02-03T00:00:00,0,77,2873A,仁皇山新区,湖州市,huzhou,120.088,30.896,o3,20.438819885253906,34.91553497314453,24.0
2023-02-03T00:00:00,0,78,2907A,吴兴区站,湖州市,huzhou,120.184,30.86,pm25,47.18714141845703,29.328472137451172,24.0
2023-02-03T00:00:00,0,78,2907A,吴兴区站,湖州市,huzhou,120.184,30.86,o3,19.897315979003906,35.75700378417969,34.0
2023-02-03T00:00:00,0,79,2921A,树下王站,绍兴市,shaoxing,120.548,30.0,pm25,52.283321380615234,32.98432159423828,23.0
2023-02-03T00:00:00,0,79,2921A,树下王站,绍兴市,shaoxing,120.548,30.0,o3,21.191303253173828,35.27833557128906,41.0
2023-02-03T00:00:00,0,80,2997A,王营,泰州市,taizhou,119.877,32.329,pm25,51.14286804199219,27.661697387695312,24.0
2023-02-03T00:00:00,0,80,2997A,王营,泰州市,taizhou,119.877,32.329,o3,22.02646255493164,43.31088638305664,44.0
2023-02-03T00:00:00,0,81,3002A,行政中心,常州市,changzhou,119.98,31.817,pm25,45.028560638427734,20.42633819580078,17.0
2023-02-03T00:00:00,0,81,3002A,行政中心,常州市,changzhou,119.98,31.817,o3,20.754558563232422,39.62324905395508,40.0
2023-02-03T00:00:00,0,82,3003A,经开区,常州市,changzhou,120.052,31.775,pm25,45.76186752319336,26.19144058227539,19.0
2023-02-03T00:00:00,0,82,3003A,经开区,常州市,changzhou,120.052,31.775,o3,19.437145233154297,32.2746467590332,24.0
2023-02-03T00:00:00,0,83,3010A,钟楼,常州市,changzhou,119.902,31.796,pm25,48.32991409301758,25.42081069946289,16.0
2023-02-03T00:00:00,0,83,3010A,钟楼,常州市,changzhou,119.902,31.796,o3,22.557872772216797,45.30350875854492,44.0
2023-02-03T00:00:00,0,84,3164A,广陵建设局,扬州市,yangzhou,119.469,32.394,pm25,64.2865982055664,25.687664031982422,17.0
2023-02-03T00:00:00,0,84,3164A,广陵建设局,扬州市,yangzhou,119.469,32.394,o3,13.591171264648438,29.213096618652344,31.0
2023-02-03T00:00:00,0,85,3195A,市体育局,扬州市,yangzhou,119.363,32.397,pm25,68.67495727539062,32.19208526611328,18.0
2023-02-03T00:00:00,0,85,3195A,市体育局,扬州市,yangzhou,119.363,32.397,o3,16.77566909790039,42.1501579284668,43.0
2023-02-03T00:00:00,0,86,3265A,宝山庙行,上海市,shanghai,121.432,31.332,pm25,38.15932846069336,14.251470565795898,9.0
2023-02-03T00:00:00,0,86,3265A,宝山庙行,上海市,shanghai,121.432,31.332,o3,28.281272888183594,46.38532257080078,52.0
2023-02-03T00:00:00,0,87,3266A,崇明上实东滩,上海市,shanghai,121.879,31.466,pm25,36.99152755737305,11.488262176513672,6.999998092651367
2023-02-03T00:00:00,0,87,3266A,崇明上实东滩,上海市,shanghai,121.879,31.466,o3,38.740238189697266,63.24810028076172,65.0
2023-02-03T00:00:00,0,88,3268A,嘉定南翔,上海市,shanghai,121.316,31.284,pm25,38.21583557128906,16.944440841674805,10.0
2023-02-03T00:00:00,0,88,3268A,嘉定南翔,上海市,shanghai,121.316,31.284,o3,27.815475463867188,44.316162109375,44.0
2023-02-03T00:00:00,0,89,3269A,金山新城,上海市,shanghai,121.336,30.746,pm25,39.745994567871094,25.53385353088379,16.0
2023-02-03T00:00:00,0,89,3269A,金山新城,上海市,shanghai,121.336,30.746,o3,28.108272552490234,41.163841247558594,32.0
2023-02-03T00:00:00,0,90,3270A,闵行浦江,上海市,shanghai,121.5,31.074,pm25,38.74538803100586,20.02267074584961,15.0
2023-02-03T00:00:00,0,90,3270A,闵行浦江,上海市,shanghai,121.5,31.074,o3,31.99094009399414,51.242401123046875,52.0
2023-02-03T00:00:00,0,91,3271A,青浦徐泾,上海市,shanghai,121.289,31.166,pm25,38.71220397949219,16.98615264892578,18.0
2023-02-03T00:00:00,0,91,3271A,青浦徐泾,上海市,shanghai,121.289,31.166,o3,28.009239196777344,43.97510528564453,41.0
2023-02-03T00:00:00,0,92,3272A,松江图书馆,上海市,shanghai,121.219,31.038,pm25,36.74836349487305,15.20604133605957,8.0
2023-02-03T00:00:00,0,92,3272A,松江图书馆,上海市,shanghai,121.219,31.038,o3,24.550392150878906,37.83958435058594,33.0
2023-02-03T00:00:00,0,93,3273A,长宁仙霞,上海市,shanghai,121.39,31.206,pm25,36.3231315612793,13.751794815063477,14.0
2023-02-03T00:00:00,0,93,3273A,长宁仙霞,上海市,shanghai,121.39,31.206,o3,30.78803253173828,51.38679122924805,51.0
2023-02-03T00:00:00,0,94,3274A,浦东惠南,上海市,shanghai,121.796,31.051,pm25,38.80197525024414,16.254573822021484,11.0
2023-02-03T00:00:00,0,94,3274A,浦东惠南,上海市,shanghai,121.796,31.051,o3,29.888954162597656,48.86836242675781,52.0
2023-02-03T00:00:00,0,95,3287A,富润路1号,镇江市,zhenjiang,119.384,32.198,pm25,66.0643310546875,28.283370971679688,22.0
2023-02-03T00:00:00,0,95,3287A,富润路1号,镇江市,zhenjiang,119.384,32.198,o3,15.97690200805664,38.61651611328125,44.0
2023-02-03T00:00:00,0,96,3289A,方洲路,苏州市,suzhou,120.743,31.319,pm25,37.16676330566406,17.063711166381836,12.0
2023-02-03T00:00:00,0,96,3289A,方洲路,苏州市,suzhou,120.743,31.319,o3,25.847251892089844,44.52533721923828,41.0
2023-02-03T00:00:00,0,97,3290A,木渎中学,苏州市,suzhou,120.503,31.277,pm25,40.281410217285156,21.165313720703125,17.0
2023-02-03T00:00:00,0,97,3290A,木渎中学,苏州市,suzhou,120.503,31.277,o3,23.409191131591797,42.8199348449707,38.0
2023-02-03T00:00:00,0,98,3291A,通州监测站,南通市,nantong,121.067,32.062,pm25,36.71728515625,16.415220260620117,12.0
2023-02-03T00:00:00,0,98,3291A,通州监测站,南通市,nantong,121.067,32.062,o3,42.11512756347656,60.00464630126953,58.0
2023-02-03T00:00:00,0,99,3294A,引江管理处,扬州市,yangzhou,119.565,32.422,pm25,61.94969940185547,28.50069808959961,29.0
2023-02-03T00:00:00,0,99,3294A,引江管理处,扬州市,yangzhou,119.565,32.422,o3,17.385276794433594,40.15502166748047,45.0
2023-02-03T00:00:00,0,100,3295A,姜堰区政府广场,泰州市,taizhou,120.126,32.51,pm25,52.84233856201172,31.3941707611084,38.0
2023-02-03T00:00:00,0,100,3295A,姜堰区政府广场,泰州市,taizhou,120.126,32.51,o3,22.98971176147461,38.828250885009766,42.0
2023-02-03T00:00:00,0,101,3407A,秀洲住建,嘉兴市,jiaxing,120.692,30.774,pm25,43.689632415771484,26.451723098754883,23.0
2023-02-03T00:00:00,0,101,3407A,秀洲住建,嘉兴市,jiaxing,120.692,30.774,o3,21.90200424194336,31.23946762084961,28.0
2023-02-03T00:00:00,0,102,3408A,绍兴中专,绍兴市,shaoxing,120.568,29.936,pm25,42.38444137573242,20.754140853881836,19.0
2023-02-03T00:00:00,0,102,3408A,绍兴中专,绍兴市,shaoxing,120.568,29.936,o3,25.824932098388672,45.837093353271484,40.0
2023-02-03T00:00:00,0,103,3409A,柯桥区政府,绍兴市,shaoxing,120.491,30.086,pm25,52.66905975341797,32.97366714477539,30.0
2023-02-03T00:00:00,0,103,3409A,柯桥区政府,绍兴市,shaoxing,120.491,30.086,o3,17.932064056396484,27.687408447265625,16.0
2023-02-03T00:00:00,0,104,3410A,重华小学,绍兴市,shaoxing,120.875,30.025,pm25,40.22257614135742,23.076457977294922,26.0
2023-02-03T00:00:00,0,104,3410A,重华小学,绍兴市,shaoxing,120.875,30.025,o3,28.482181549072266,44.561790466308594,37.0
2023-02-03T00:00:00,0,105,3411A,上虞中学,绍兴市,shaoxing,120.837,30.014,pm25,38.44611740112305,19.105405807495117,18.0
2023-02-03T00:00:00,0,105,3411A,上虞中学,绍兴市,shaoxing,120.837,30.014,o3,24.706192016601562,39.76936721801758,36.0
2023-02-03T00:00:00,0,106,3422A,江宁彩虹桥,南京市,nanjing,118.844,31.92,pm25,82.4836196899414,33.7548713684082,22.0
2023-02-03T00:00:00,0,106,3422A,江宁彩虹桥,南京市,nanjing,118.844,31.92,o3,10.768047332763672,26.543289184570312,15.000003814697266
2023-02-03T00:00:00,0,107,3423A,溧水永阳,南京市,nanjing,119.014,31.649,pm25,75.12552642822266,34.33247375488281,26.0
2023-02-03T00:00:00,0,107,3423A,溧水永阳,南京市,nanjing,119.014,31.649,o3,16.649612426757812,39.20504379272461,35.0
2023-02-03T00:00:00,0,108,3424A,高淳老职中,南京市,nanjing,118.879,31.33,pm25,81.27902221679688,42.10369110107422,40.0
2023-02-03T00:00:00,0,108,3424A,高淳老职中,南京市,nanjing,118.879,31.33,o3,17.347679138183594,31.97589874267578,30.0
2023-02-03T00:00:00,0,109,3425A,越秀幼儿园,苏州市,suzhou,120.624,31.173,pm25,39.29197311401367,21.03308868408203,19.0
2023-02-03T00:00:00,0,109,3425A,越秀幼儿园,苏州市,suzhou,120.624,31.173,o3,23.183818817138672,41.0343017578125,38.0
2023-02-03T00:00:00,0,110,3427A,六合雄州,南京市,nanjing,118.855,32.358,pm25,70.4052734375,22.779598236083984,12.0
2023-02-03T00:00:00,0,110,3427A,六合雄州,南京市,nanjing,118.855,32.358,o3,14.692771911621094,36.30744171142578,38.0
2023-02-03T00:00:00,0,111,3428A,华庄,无锡市,wuxi,120.314,31.475,pm25,43.587379455566406,25.82697296142578,21.0
2023-02-03T00:00:00,0,111,3428A,华庄,无锡市,wuxi,120.314,31.475,o3,19.040313720703125,33.4871826171875,32.0
2023-02-03T00:00:00,0,112,3429A,武进经发区,常州市,changzhou,119.86,31.707,pm25,51.016807556152344,29.33816909790039,25.0
2023-02-03T00:00:00,0,112,3429A,武进经发区,常州市,changzhou,119.86,31.707,o3,19.157455444335938,36.4166145324707,21.0
2023-02-03T00:00:00,0,113,3430A,金坛城区,常州市,changzhou,119.583,31.724,pm25,55.95875549316406,26.739368438720703,21.0
2023-02-03T00:00:00,0,113,3430A,金坛城区,常州市,changzhou,119.583,31.724,o3,19.590087890625,41.6339225769043,42.0
2023-02-03T00:00:00,0,114,3431A,高铁新城,苏州市,suzhou,120.65,31.416,pm25,37.83285903930664,17.970348358154297,15.0
2023-02-03T00:00:00,0,114,3431A,高铁新城,苏州市,suzhou,120.65,31.416,o3,25.788818359375,44.606239318847656,46.0
2023-02-03T00:00:00,0,115,3432A,环境教育馆,南通市,nantong,120.935,31.988,pm25,33.68110275268555,12.46388053894043,9.0
2023-02-03T00:00:00,0,115,3432A,环境教育馆,南通市,nantong,120.935,31.988,o3,38.66813659667969,57.805511474609375,54.0
2023-02-03T00:00:00,0,116,3435A,周山河街区,泰州市,taizhou,119.919,32.432,pm25,48.404205322265625,22.661617279052734,20.0
2023-02-03T00:00:00,0,116,3435A,周山河街区,泰州市,taizhou,119.919,32.432,o3,21.989303588867188,44.93229675292969,42.0
2023-02-03T00:00:00,0,117,3544A,奉贤南桥新城,上海市,shanghai,121.489,30.925,pm25,39.57588577270508,22.736534118652344,14.0
2023-02-03T00:00:00,0,117,3544A,奉贤南桥新城,上海市,shanghai,121.489,30.925,o3,31.123619079589844,51.30340576171875,46.0
2023-02-03T00:00:00,0,118,3557A,镇二中,杭州市,hangzhou,119.946,30.049,pm25,57.872711181640625,37.169708251953125,35.0
2023-02-03T00:00:00,0,118,3557A,镇二中,杭州市,hangzhou,119.946,30.049,o3,15.903106689453125,22.598106384277344,12.0
2023-02-03T00:00:00,0,119,3558A,市府大楼,杭州市,hangzhou,119.718,30.237,pm25,62.213111877441406,39.074012756347656,33.0
2023-02-03T00:00:00,0,119,3558A,市府大楼,杭州市,hangzhou,119.718,30.237,o3,17.53084945678711,28.207263946533203,22.0
2023-02-03T00:00:00,0,120,3560A,柯桥妇保,绍兴市,shaoxing,120.472,30.042,pm25,53.756439208984375,34.68241500854492,35.0
2023-02-03T00:00:00,0,120,3560A,柯桥妇保,绍兴市,shaoxing,120.472,30.042,o3,18.218494415283203,28.379806518554688,18.0
2023-02-03T00:00:00,0,121,3562A,南浔区站,湖州市,huzhou,120.415,30.854,pm25,44.226905822753906,27.983413696289062,24.0
2023-02-03T00:00:00,0,121,3562A,南浔区站,湖州市,huzhou,120.415,30.854,o3,20.9747314453125,35.317405700683594,36.0
2023-02-03T00:00:00,0,122,3564A,台州科技职业学院,台州市,taizhou,121.257,28.668,pm25,45.4254150390625,19.25140953063965,15.0
2023-02-03T00:00:00,0,122,3564A,台州科技职业学院,台州市,taizhou,121.257,28.668,o3,39.72944641113281,52.967742919921875,46.0
2023-02-03T00:00:00,0,123,3656A,消防大队,杭州市,hangzhou,120.156,30.286,pm25,60.78502655029297,42.08595657348633,41.0
2023-02-03T00:00:00,0,123,3656A,消防大队,杭州市,hangzhou,120.156,30.286,o3,17.547138214111328,33.36054229736328,23.0
2023-02-03T00:00:00,0,124,3658A,袍江中学,绍兴市,shaoxing,120.615,30.076,pm25,51.02892303466797,33.29621124267578,32.0
2023-02-03T00:00:00,0,124,3658A,袍江中学,绍兴市,shaoxing,120.615,30.076,o3,19.854705810546875,27.648693084716797,20.0
2023-02-03T00:00:00,0,125,3710A,白沙活动中心,宁波市,ningbo,121.559,29.898,pm25,39.49656677246094,19.496864318847656,16.0
2023-02-03T00:00:00,0,125,3710A,白沙活动中心,宁波市,ningbo,121.559,29.898,o3,28.956649780273438,40.071128845214844,35.0
2023-02-03T00:00:00,0,126,4033A,普陀东港中学,舟山市,zhoushan,122.312,29.962,pm25,39.2930908203125,17.669519424438477,11.0
2023-02-03T00:00:00,0,126,4033A,普陀东港中学,舟山市,zhoushan,122.312,29.962,o3,36.54724884033203,55.510902404785156,53.0
2023-02-03T06:00:00,6,0,1141A,普陀,上海市,shanghai,121.4,31.238,pm25,34.03202438354492,17.287120819091797,19.0
2023-02-03T06:00:00,6,0,1141A,普陀,上海市,shanghai,121.4,31.238,o3,80.57083892822266,67.42243957519531,69.0
2023-02-03T06:00:00,6,1,1142A,十五厂,上海市,shanghai,121.478,31.204,pm25,34.206275939941406,11.844440460205078,19.0
2023-02-03T06:00:00,6,1,1142A,十五厂,上海市,shanghai,121.478,31.204,o3,69.90972900390625,59.615814208984375,55.0
2023-02-03T06:00:00,6,2,1143A,虹口,上海市,shanghai,121.467,31.301,pm25,34.58247756958008,19.091903686523438,24.0
2023-02-03T06:00:00,6,2,1143A,虹口,上海市,shanghai,121.467,31.301,o3,73.73304748535156,58.79513168334961,59.0
2023-02-03T06:00:00,6,3,1144A,徐汇上师大,上海市,shanghai,121.412,31.165,pm25,34.55864334106445,14.62295913696289,15.0
2023-02-03T06:00:00,6,3,1144A,徐汇上师大,上海市,shanghai,121.412,31.165,o3,70.21463012695312,59.02836990356445,52.0
2023-02-03T06:00:00,6,4,1145A,杨浦四漂,上海市,shanghai,121.536,31.266,pm25,32.82133483886719,18.143756866455078,20.0
2023-02-03T06:00:00,6,4,1145A,杨浦四漂,上海市,shanghai,121.536,31.266,o3,83.65255737304688,69.10575866699219,56.0
2023-02-03T06:00:00,6,5,1147A,静安监测站,上海市,shanghai,121.425,31.226,pm25,33.57239532470703,14.574384689331055,23.0
2023-02-03T06:00:00,6,5,1147A,静安监测站,上海市,shanghai,121.425,31.226,o3,74.90331268310547,63.0370979309082,60.0
2023-02-03T06:00:00,6,6,1148A,浦东川沙,上海市,shanghai,121.703,31.191,pm25,32.61069107055664,21.788576126098633,21.0
2023-02-03T06:00:00,6,6,1148A,浦东川沙,上海市,shanghai,121.703,31.191,o3,79.61973571777344,63.67490768432617,55.0
2023-02-03T06:00:00,6,7,1149A,浦东新区监测站,上海市,shanghai,121.533,31.228,pm25,33.445960998535156,16.31226348876953,13.0
2023-02-03T06:00:00,6,7,1149A,浦东新区监测站,上海市,shanghai,121.533,31.228,o3,76.23049926757812,58.634490966796875,51.0
2023-02-03T06:00:00,6,8,1150A,浦东张江,上海市,shanghai,121.577,31.207,pm25,31.128774642944336,13.376508712768555,14.0
2023-02-03T06:00:00,6,8,1150A,浦东张江,上海市,shanghai,121.577,31.207,o3,72.93224334716797,59.932552337646484,56.0
2023-02-03T06:00:00,6,9,1151A,迈皋桥,南京市,nanjing,118.809,32.106,pm25,55.196632385253906,12.024721145629883,9.0
2023-02-03T06:00:00,6,9,1151A,迈皋桥,南京市,nanjing,118.809,32.106,o3,48.285255432128906,68.16039276123047,71.0
2023-02-03T06:00:00,6,10,1152A,草场门,南京市,nanjing,118.754,32.055,pm25,55.293663024902344,19.330537796020508,19.0
2023-02-03T06:00:00,6,10,1152A,草场门,南京市,nanjing,118.754,32.055,o3,49.61299133300781,65.48663330078125,70.0
2023-02-03T06:00:00,6,11,1153A,山西路,南京市,nanjing,118.779,32.074,pm25,59.378334045410156,21.401485443115234,22.0
2023-02-03T06:00:00,6,11,1153A,山西路,南京市,nanjing,118.779,32.074,o3,61.56541442871094,74.2253646850586,77.0
2023-02-03T06:00:00,6,12,1154A,中华门,南京市,nanjing,118.775,32.002,pm25,53.071746826171875,19.08858871459961,17.0
2023-02-03T06:00:00,6,12,1154A,中华门,南京市,nanjing,118.775,32.002,o3,60.72423553466797,68.57603454589844,69.0
2023-02-03T06:00:00,6,13,1155A,瑞金路,南京市,nanjing,118.811,32.031,pm25,57.82582092285156,16.842681884765625,20.0
2023-02-03T06:00:00,6,13,1155A,瑞金路,南京市,nanjing,118.811,32.031,o3,58.135841369628906,59.89759063720703,68.0
2023-02-03T06:00:00,6,14,1156A,玄武湖,南京市,nanjing,118.8,32.075,pm25,58.495914459228516,18.57038688659668,18.0
2023-02-03T06:00:00,6,14,1156A,玄武湖,南京市,nanjing,118.8,32.075,o3,48.12755584716797,61.39506530761719,66.0
2023-02-03T06:00:00,6,15,1157A,浦口,南京市,nanjing,118.641,32.093,pm25,55.37398910522461,25.713027954101562,24.0
2023-02-03T06:00:00,6,15,1157A,浦口,南京市,nanjing,118.641,32.093,o3,59.266265869140625,65.76241302490234,70.0
2023-02-03T06:00:00,6,16,1158A,奥体中心,南京市,nanjing,118.736,32.0,pm25,59.149436950683594,24.127784729003906,17.0
2023-02-03T06:00:00,6,16,1158A,奥体中心,南京市,nanjing,118.736,32.0,o3,55.7786750793457,66.4185562133789,70.0
2023-02-03T06:00:00,6,17,1159A,仙林大学城,南京市,nanjing,118.912,32.103,pm25,53.37956237792969,16.40259552001953,17.0
2023-02-03T06:00:00,6,17,1159A,仙林大学城,南京市,nanjing,118.912,32.103,o3,52.70222091674805,71.03144073486328,74.0
2023-02-03T06:00:00,6,18,1160A,上方山,苏州市,suzhou,120.561,31.247,pm25,35.091224670410156,20.947349548339844,21.0
2023-02-03T06:00:00,6,18,1160A,上方山,苏州市,suzhou,120.561,31.247,o3,60.444034576416016,54.32513427734375,50.0
2023-02-03T06:00:00,6,19,1162A,彩香,苏州市,suzhou,120.591,31.302,pm25,36.96015930175781,22.735641479492188,25.0
2023-02-03T06:00:00,6,19,1162A,彩香,苏州市,suzhou,120.591,31.302,o3,63.38326644897461,58.5605354309082,57.0
2023-02-03T06:00:00,6,20,1163A,轧钢厂,苏州市,suzhou,120.596,31.326,pm25,35.87640380859375,21.745468139648438,24.0
2023-02-03T06:00:00,6,20,1163A,轧钢厂,苏州市,suzhou,120.596,31.326,o3,56.540992736816406,58.10791015625,54.0
2023-02-03T06:00:00,6,21,1164A,吴中区,苏州市,suzhou,120.613,31.27,pm25,34.997528076171875,19.956674575805664,21.0
2023-02-03T06:00:00,6,21,1164A,吴中区,苏州市,suzhou,120.613,31.27,o3,67.88243103027344,66.72853088378906,63.0
2023-02-03T06:00:00,6,22,1165A,苏州新区,苏州市,suzhou,120.543,31.299,pm25,37.19889831542969,23.748313903808594,23.0
2023-02-03T06:00:00,6,22,1165A,苏州新区,苏州市,suzhou,120.543,31.299,o3,60.91260528564453,58.153846740722656,53.0
2023-02-03T06:00:00,6,23,1166A,苏州工业园区,苏州市,suzhou,120.669,31.31,pm25,32.642887115478516,18.745040893554688,20.0
2023-02-03T06:00:00,6,23,1166A,苏州工业园区,苏州市,suzhou,120.669,31.31,o3,72.64823913574219,66.8343276977539,60.0
2023-02-03T06:00:00,6,24,1167A,相城区,苏州市,suzhou,120.641,31.371,pm25,33.83892059326172,18.06839942932129,19.0
2023-02-03T06:00:00,6,24,1167A,相城区,苏州市,suzhou,120.641,31.371,o3,68.92205047607422,69.17654418945312,66.0
2023-02-03T06:00:00,6,25,1168A,狼山街道,南通市,nantong,120.91,31.966,pm25,28.428600311279297,13.240777969360352,18.0
2023-02-03T06:00:00,6,25,1168A,狼山街道,南通市,nantong,120.91,31.966,o3,88.09982299804688,76.12593841552734,77.0
2023-02-03T06:00:00,6,26,1169A,虹桥,南通市,nantong,120.86,32.001,pm25,30.637603759765625,18.763839721679688,20.0
2023-02-03T06:00:00,6,26,1169A,虹桥,南通市,nantong,120.86,32.001,o3,89.64379119873047,75.6750717163086,75.0
2023-02-03T06:00:00,6,27,1170A,城中,南通市,nantong,120.87,32.02,pm25,30.538352966308594,16.06890106201172,20.0
2023-02-03T06:00:00,6,27,1170A,城中,南通市,nantong,120.87,32.02,o3,85.77516174316406,76.64153289794922,76.0
2023-02-03T06:00:00,6,28,1171A,星湖花园,南通市,nantong,120.94,31.93,pm25,29.996360778808594,13.397346496582031,17.0
2023-02-03T06:00:00,6,28,1171A,星湖花园,南通市,nantong,120.94,31.93,o3,83.72688293457031,67.3508071899414,64.0
2023-02-03T06:00:00,6,29,1172A,紫琅学院,南通市,nantong,120.81,32.042,pm25,30.687240600585938,17.878639221191406,19.0
2023-02-03T06:00:00,6,29,1172A,紫琅学院,南通市,nantong,120.81,32.042,o3,78.69689178466797,74.8536148071289,77.0
2023-02-03T06:00:00,6,30,1186A,邗江监测站,扬州市,yangzhou,119.389,32.376,pm25,38.32172775268555,21.137569427490234,21.0
2023-02-03T06:00:00,6,30,1186A,邗江监测站,扬州市,yangzhou,119.389,32.376,o3,72.4577407836914,75.1572265625,74.0
2023-02-03T06:00:00,6,31,1188A,雪浪,无锡市,wuxi,120.269,31.487,pm25,38.350772857666016,18.509620666503906,19.0
2023-02-03T06:00:00,6,31,1188A,雪浪,无锡市,wuxi,120.269,31.487,o3,52.84663391113281,54.713409423828125,56.0
2023-02-03T06:00:00,6,32,1189A,黄巷,无锡市,wuxi,120.275,31.622,pm25,40.46940231323242,18.71207618713379,24.0
2023-02-03T06:00:00,6,32,1189A,黄巷,无锡市,wuxi,120.275,31.622,o3,54.40412139892578,57.99032974243164,59.0
2023-02-03T06:00:00,6,33,1190A,曹张,无锡市,wuxi,120.294,31.56,pm25,39.84316635131836,25.066015243530273,19.0
2023-02-03T06:00:00,6,33,1190A,曹张,无锡市,wuxi,120.294,31.56,o3,53.269683837890625,56.62318801879883,54.0
2023-02-03T06:00:00,6,34,1191A,漆塘,无锡市,wuxi,120.242,31.503,pm25,40.886985778808594,23.25807762145996,24.0
2023-02-03T06:00:00,6,34,1191A,漆塘,无锡市,wuxi,120.242,31.503,o3,56.64307403564453,60.33616256713867,60.0
2023-02-03T06:00:00,6,35,1192A,东亭,无锡市,wuxi,120.349,31.586,pm25,39.96123123168945,20.534080505371094,22.0
2023-02-03T06:00:00,6,35,1192A,东亭,无锡市,wuxi,120.349,31.586,o3,55.13548278808594,59.498172760009766,60.0
2023-02-03T06:00:00,6,36,1193A,旺庄,无锡市,wuxi,120.354,31.548,pm25,40.86687469482422,27.697433471679688,24.0
2023-02-03T06:00:00,6,36,1193A,旺庄,无锡市,wuxi,120.354,31.548,o3,55.87949752807617,58.82476806640625,57.0
2023-02-03T06:00:00,6,37,1194A,荣巷,无锡市,wuxi,120.245,31.563,pm25,39.41681671142578,24.968143463134766,24.0
2023-02-03T06:00:00,6,37,1194A,荣巷,无锡市,wuxi,120.245,31.563,o3,56.40222930908203,56.683326721191406,57.0
2023-02-03T06:00:00,6,38,1195A,堰桥,无锡市,wuxi,120.299,31.682,pm25,42.07826614379883,27.928571701049805,39.0
2023-02-03T06:00:00,6,38,1195A,堰桥,无锡市,wuxi,120.299,31.682,o3,56.01267623901367,61.47441864013672,60.0
2023-02-03T06:00:00,6,39,1196A,市监测站,常州市,changzhou,119.963,31.762,pm25,39.59964370727539,22.20111083984375,21.0
2023-02-03T06:00:00,6,39,1196A,市监测站,常州市,changzhou,119.963,31.762,o3,57.04753494262695,64.39218139648438,65.0
2023-02-03T06:00:00,6,40,1200A,武进监测站,常州市,changzhou,119.947,31.707,pm25,39.633419036865234,25.824729919433594,27.0
2023-02-03T06:00:00,6,40,1200A,武进监测站,常州市,changzhou,119.947,31.707,o3,59.05011749267578,60.735836029052734,61.0
2023-02-03T06:00:00,6,41,1201A,安家,常州市,changzhou,119.926,31.909,pm25,36.96519470214844,20.362701416015625,21.0
2023-02-03T06:00:00,6,41,1201A,安家,常州市,changzhou,119.926,31.909,o3,68.164794921875,78.05802154541016,94.0
2023-02-03T06:00:00,6,42,1203A,新区办事处,镇江市,zhenjiang,119.671,32.188,pm25,43.11128234863281,28.0089111328125,29.0
2023-02-03T06:00:00,6,42,1203A,新区办事处,镇江市,zhenjiang,119.671,32.188,o3,64.45195770263672,70.74852752685547,75.0
2023-02-03T06:00:00,6,43,1204A,职教中心,镇江市,zhenjiang,119.497,32.197,pm25,46.333763122558594,25.434146881103516,26.0
2023-02-03T06:00:00,6,43,1204A,职教中心,镇江市,zhenjiang,119.497,32.197,o3,61.105873107910156,77.1620101928711,86.0
2023-02-03T06:00:00,6,44,1205A,丹徒区监测站,镇江市,zhenjiang,119.43,32.133,pm25,45.536537170410156,25.433826446533203,24.0
2023-02-03T06:00:00,6,44,1205A,丹徒区监测站,镇江市,zhenjiang,119.43,32.133,o3,66.30068969726562,75.08321380615234,77.0
2023-02-03T06:00:00,6,45,1206A,公园路,泰州市,taizhou,119.905,32.488,pm25,38.661678314208984,15.930091857910156,14.0
2023-02-03T06:00:00,6,45,1206A,公园路,泰州市,taizhou,119.905,32.488,o3,67.69429016113281,72.53313446044922,81.0
2023-02-03T06:00:00,6,46,1207A,莲花,泰州市,taizhou,119.919,32.462,pm25,34.266029357910156,16.341516494750977,14.0
2023-02-03T06:00:00,6,46,1207A,莲花,泰州市,taizhou,119.919,32.462,o3,73.06951141357422,72.28660583496094,76.0
2023-02-03T06:00:00,6,47,1209A,留学生创业园,泰州市,taizhou,119.888,32.464,pm25,40.27981185913086,20.603103637695312,16.0
2023-02-03T06:00:00,6,47,1209A,留学生创业园,泰州市,taizhou,119.888,32.464,o3,67.69415283203125,70.66997528076172,73.0
2023-02-03T06:00:00,6,48,1223A,滨江,杭州市,hangzhou,120.207,30.211,pm25,52.143157958984375,27.55514144897461,23.0
2023-02-03T06:00:00,6,48,1223A,滨江,杭州市,hangzhou,120.207,30.211,o3,49.84186553955078,43.957210540771484,46.0
2023-02-03T06:00:00,6,49,1224A,西溪,杭州市,hangzhou,120.063,30.275,pm25,59.29136657714844,38.114627838134766,39.0
2023-02-03T06:00:00,6,49,1224A,西溪,杭州市,hangzhou,120.063,30.275,o3,40.07554626464844,32.706512451171875,32.0
2023-02-03T06:00:00,6,50,1226A,下沙,杭州市,hangzhou,120.346,30.315,pm25,46.02461624145508,27.060932159423828,29.0
2023-02-03T06:00:00,6,50,1226A,下沙,杭州市,hangzhou,120.346,30.315,o3,63.612998962402344,67.75234985351562,55.0
2023-02-03T06:00:00,6,51,1227A,卧龙桥,杭州市,hangzhou,120.127,30.246,pm25,58.27681350708008,34.2536735534668,34.0
2023-02-03T06:00:00,6,51,1227A,卧龙桥,杭州市,hangzhou,120.127,30.246,o3,45.60466003417969,43.92608642578125,42.0
2023-02-03T06:00:00,6,52,1228A,浙江农大,杭州市,hangzhou,120.19,30.269,pm25,59.83136749267578,39.852474212646484,37.0
2023-02-03T06:00:00,6,52,1228A,浙江农大,杭州市,hangzhou,120.19,30.269,o3,41.12293243408203,46.51940155029297,52.0
2023-02-03T06:00:00,6,53,1230A,和睦小学,杭州市,hangzhou,120.12,30.312,pm25,60.75752258300781,38.06452941894531,39.0
2023-02-03T06:00:00,6,53,1230A,和睦小学,杭州市,hangzhou,120.12,30.312,o3,48.240333557128906,45.845375061035156,36.0
2023-02-03T06:00:00,6,54,1231A,临平镇,杭州市,hangzhou,120.302,30.418,pm25,45.512939453125,26.09117317199707,28.0
2023-02-03T06:00:00,6,54,1231A,临平镇,杭州市,hangzhou,120.302,30.418,o3,65.15898895263672,63.52463912963867,61.0
2023-02-03T06:00:00,6,55,1232A,城厢镇,杭州市,hangzhou,120.27,30.182,pm25,57.46623229980469,37.84674835205078,34.0
2023-02-03T06:00:00,6,55,1232A,城厢镇,杭州市,hangzhou,120.27,30.182,o3,53.111846923828125,47.47365188598633,50.0
2023-02-03T06:00:00,6,56,1233A,云栖,杭州市,hangzhou,120.088,30.181,pm25,58.198707580566406,37.73636245727539,38.0
2023-02-03T06:00:00,6,56,1233A,云栖,杭州市,hangzhou,120.088,30.181,o3,43.13097381591797,38.80145263671875,41.0
2023-02-03T06:00:00,6,57,1234A,区环保大楼,宁波市,ningbo,121.836,29.911,pm25,27.751834869384766,13.015861511230469,9.0
2023-02-03T06:00:00,6,57,1234A,区环保大楼,宁波市,ningbo,121.836,29.911,o3,81.06969451904297,69.45852661132812,72.0
2023-02-03T06:00:00,6,58,1235A,万里学院,宁波市,ningbo,121.56,29.82,pm25,32.60376739501953,20.599620819091797,18.0
2023-02-03T06:00:00,6,58,1235A,万里学院,宁波市,ningbo,121.56,29.82,o3,80.86199188232422,70.86286163330078,67.0
2023-02-03T06:00:00,6,59,1236A,龙赛医院,宁波市,ningbo,121.713,29.957,pm25,25.309268951416016,9.236148834228516,9.0
2023-02-03T06:00:00,6,59,1236A,龙赛医院,宁波市,ningbo,121.713,29.957,o3,82.13277435302734,72.5301742553711,72.0
2023-02-03T06:00:00,6,60,1239A,钱湖水厂,宁波市,ningbo,121.633,29.773,pm25,30.647920608520508,17.91330337524414,18.0
2023-02-03T06:00:00,6,60,1239A,钱湖水厂,宁波市,ningbo,121.633,29.773,o3,81.35693359375,63.1617431640625,60.0
2023-02-03T06:00:00,6,61,1240A,太古小学,宁波市,ningbo,121.586,29.864,pm25,30.085365295410156,13.168251037597656,12.0
2023-02-03T06:00:00,6,61,1240A,太古小学,宁波市,ningbo,121.586,29.864,o3,73.98811340332031,66.07582092285156,66.0
2023-02-03T06:00:00,6,62,1241A,市环境监测中心,宁波市,ningbo,121.524,29.867,pm25,28.212146759033203,13.036909103393555,13.0
2023-02-03T06:00:00,6,62,1241A,市环境监测中心,宁波市,ningbo,121.524,29.867,o3,66.66321563720703,64.79817962646484,58.0
2023-02-03T06:00:00,6,63,1247A,城东开发委,绍兴市,shaoxing,120.605,29.993,pm25,43.78956604003906,30.60858917236328,33.0
2023-02-03T06:00:00,6,63,1247A,城东开发委,绍兴市,shaoxing,120.605,29.993,o3,65.54380798339844,60.56181716918945,60.0
2023-02-03T06:00:00,6,64,1250A,城西水厂,湖州市,huzhou,120.075,30.867,pm25,40.4085693359375,31.272567749023438,32.0
2023-02-03T06:00:00,6,64,1250A,城西水厂,湖州市,huzhou,120.075,30.867,o3,67.5884017944336,59.66303253173828,58.0
2023-02-03T06:00:00,6,65,1252A,清河小学,嘉兴市,jiaxing,120.744,30.778,pm25,34.05348205566406,19.03148078918457,19.0
2023-02-03T06:00:00,6,65,1252A,清河小学,嘉兴市,jiaxing,120.744,30.778,o3,73.73221588134766,60.37610626220703,52.0
2023-02-03T06:00:00,6,66,1253A,嘉兴学院,嘉兴市,jiaxing,120.726,30.748,pm25,36.38283157348633,24.749496459960938,24.0
2023-02-03T06:00:00,6,66,1253A,嘉兴学院,嘉兴市,jiaxing,120.726,30.748,o3,70.22176361083984,55.302860260009766,54.0
2023-02-03T06:00:00,6,67,1255A,黄岩环保大楼,台州市,taizhou,121.273,28.646,pm25,49.046607971191406,18.991235733032227,16.0
2023-02-03T06:00:00,6,67,1255A,黄岩环保大楼,台州市,taizhou,121.273,28.646,o3,66.99710845947266,68.52845001220703,69.0
2023-02-03T06:00:00,6,68,1256A,台州环保大楼,台州市,taizhou,121.419,28.654,pm25,53.15691375732422,25.65554428100586,27.0
2023-02-03T06:00:00,6,68,1256A,台州环保大楼,台州市,taizhou,121.419,28.654,o3,76.25718688964844,75.2401123046875,70.0
2023-02-03T06:00:00,6,69,1257A,路桥田洋王,台州市,taizhou,121.377,28.577,pm25,56.408363342285156,24.987049102783203,29.0
2023-02-03T06:00:00,6,69,1257A,路桥田洋王,台州市,taizhou,121.377,28.577,o3,70.08573913574219,68.86888885498047,67.0
2023-02-03T06:00:00,6,70,1258A,定海檀枫,舟山市,zhoushan,122.122,30.02,pm25,30.265878677368164,10.36569595336914,9.0
2023-02-03T06:00:00,6,70,1258A,定海檀枫,舟山市,zhoushan,122.122,30.02,o3,85.41094207763672,75.14132690429688,75.0
2023-02-03T06:00:00,6,71,1259A,普陀东港,舟山市,zhoushan,122.309,29.956,pm25,28.816917419433594,10.212238311767578,9.0
2023-02-03T06:00:00,6,71,1259A,普陀东港,舟山市,zhoushan,122.309,29.956,o3,85.51226043701172,73.9939956665039,74.0
2023-02-03T06:00:00,6,72,1260A,临城新区,舟山市,zhoushan,122.19,29.994,pm25,30.737741470336914,10.386299133300781,10.0
2023-02-03T06:00:00,6,72,1260A,临城新区,舟山市,zhoushan,122.19,29.994,o3,79.7281723022461,73.85955047607422,73.0
2023-02-03T06:00:00,6,73,2869A,五台山医院,扬州市,yangzhou,119.447,32.416,pm25,38.884605407714844,21.991668701171875,21.0
2023-02-03T06:00:00,6,73,2869A,五台山医院,扬州市,yangzhou,119.447,32.416,o3,70.25161743164062,72.44628143310547,74.0
2023-02-03T06:00:00,6,74,2870A,市疾控中心,镇江市,zhenjiang,119.442,32.187,pm25,48.401031494140625,27.41089630126953,29.0
2023-02-03T06:00:00,6,74,2870A,市疾控中心,镇江市,zhenjiang,119.442,32.187,o3,64.28616333007812,77.36177825927734,81.0
2023-02-03T06:00:00,6,75,2871A,万里国际学校,宁波市,ningbo,121.615,29.902,pm25,29.17655372619629,14.046529769897461,13.0
2023-02-03T06:00:00,6,75,2871A,万里国际学校,宁波市,ningbo,121.615,29.902,o3,73.47488403320312,64.57560729980469,59.0
2023-02-03T06:00:00,6,76,2872A,南湖区残联,嘉兴市,jiaxing,120.785,30.752,pm25,35.598243713378906,22.901409149169922,24.0
2023-02-03T06:00:00,6,76,2872A,南湖区残联,嘉兴市,jiaxing,120.785,30.752,o3,74.84890747070312,61.035118103027344,55.0
2023-02-03T06:00:00,6,77,2873A,仁皇山新区,湖州市,huzhou,120.088,30.896,pm25,40.32090759277344,30.251300811767578,30.0
2023-02-03T06:00:00,6,77,2873A,仁皇山新区,湖州市,huzhou,120.088,30.896,o3,64.97053527832031,56.90669631958008,55.0
2023-02-03T06:00:00,6,78,2907A,吴兴区站,湖州市,huzhou,120.184,30.86,pm25,39.46162414550781,27.418872833251953,34.0
2023-02-03T06:00:00,6,78,2907A,吴兴区站,湖州市,huzhou,120.184,30.86,o3,65.20938110351562,58.57821273803711,52.0
2023-02-03T06:00:00,6,79,2921A,树下王站,绍兴市,shaoxing,120.548,30.0,pm25,53.23145294189453,42.0292854309082,38.0
2023-02-03T06:00:00,6,79,2921A,树下王站,绍兴市,shaoxing,120.548,30.0,o3,57.35447692871094,42.38467025756836,42.0
2023-02-03T06:00:00,6,80,2997A,王营,泰州市,taizhou,119.877,32.329,pm25,39.33992385864258,24.859405517578125,31.0
2023-02-03T06:00:00,6,80,2997A,王营,泰州市,taizhou,119.877,32.329,o3,69.87494659423828,74.88896179199219,79.0
2023-02-03T06:00:00,6,81,3002A,行政中心,常州市,changzhou,119.98,31.817,pm25,40.07066345214844,28.81795310974121,28.0
2023-02-03T06:00:00,6,81,3002A,行政中心,常州市,changzhou,119.98,31.817,o3,57.549591064453125,52.49527359008789,52.0
2023-02-03T06:00:00,6,82,3003A,经开区,常州市,changzhou,120.052,31.775,pm25,38.20035171508789,24.89340591430664,27.0
2023-02-03T06:00:00,6,82,3003A,经开区,常州市,changzhou,120.052,31.775,o3,58.35693359375,61.63280487060547,57.0
2023-02-03T06:00:00,6,83,3010A,钟楼,常州市,changzhou,119.902,31.796,pm25,40.34849548339844,27.755809783935547,22.0
2023-02-03T06:00:00,6,83,3010A,钟楼,常州市,changzhou,119.902,31.796,o3,61.50221633911133,64.44727325439453,66.0
2023-02-03T06:00:00,6,84,3164A,广陵建设局,扬州市,yangzhou,119.469,32.394,pm25,39.13548278808594,22.084579467773438,22.0
2023-02-03T06:00:00,6,84,3164A,广陵建设局,扬州市,yangzhou,119.469,32.394,o3,66.82826232910156,71.24635314941406,82.0
2023-02-03T06:00:00,6,85,3195A,市体育局,扬州市,yangzhou,119.363,32.397,pm25,38.21316146850586,20.170846939086914,19.0
2023-02-03T06:00:00,6,85,3195A,市体育局,扬州市,yangzhou,119.363,32.397,o3,72.64761352539062,76.0007553100586,78.0
2023-02-03T06:00:00,6,86,3265A,宝山庙行,上海市,shanghai,121.432,31.332,pm25,35.68157958984375,23.807456970214844,18.0
2023-02-03T06:00:00,6,86,3265A,宝山庙行,上海市,shanghai,121.432,31.332,o3,75.81964111328125,62.78577423095703,65.0
2023-02-03T06:00:00,6,87,3266A,崇明上实东滩,上海市,shanghai,121.879,31.466,pm25,32.305477142333984,10.788808822631836,9.0
2023-02-03T06:00:00,6,87,3266A,崇明上实东滩,上海市,shanghai,121.879,31.466,o3,88.28597259521484,80.61175537109375,80.0
2023-02-03T06:00:00,6,88,3268A,嘉定南翔,上海市,shanghai,121.316,31.284,pm25,32.092063903808594,13.554399490356445,14.0
2023-02-03T06:00:00,6,88,3268A,嘉定南翔,上海市,shanghai,121.316,31.284,o3,73.6522216796875,65.8372573852539,64.0
2023-02-03T06:00:00,6,89,3269A,金山新城,上海市,shanghai,121.336,30.746,pm25,33.101192474365234,19.953197479248047,20.0
2023-02-03T06:00:00,6,89,3269A,金山新城,上海市,shanghai,121.336,30.746,o3,70.05765533447266,55.56991195678711,58.0
2023-02-03T06:00:00,6,90,3270A,闵行浦江,上海市,shanghai,121.5,31.074,pm25,31.693763732910156,11.752439498901367,19.0
2023-02-03T06:00:00,6,90,3270A,闵行浦江,上海市,shanghai,121.5,31.074,o3,76.04096221923828,61.164981842041016,56.0
2023-02-03T06:00:00,6,91,3271A,青浦徐泾,上海市,shanghai,121.289,31.166,pm25,35.165164947509766,22.84042739868164,20.0
2023-02-03T06:00:00,6,91,3271A,青浦徐泾,上海市,shanghai,121.289,31.166,o3,71.83909606933594,58.23405456542969,57.0
2023-02-03T06:00:00,6,92,3272A,松江图书馆,上海市,shanghai,121.219,31.038,pm25,30.22205924987793,9.82451057434082,15.0
2023-02-03T06:00:00,6,92,3272A,松江图书馆,上海市,shanghai,121.219,31.038,o3,67.37329864501953,62.67738723754883,56.0
2023-02-03T06:00:00,6,93,3273A,长宁仙霞,上海市,shanghai,121.39,31.206,pm25,33.42612838745117,17.287784576416016,15.0
2023-02-03T06:00:00,6,93,3273A,长宁仙霞,上海市,shanghai,121.39,31.206,o3,73.18689727783203,58.38261032104492,58.0
2023-02-03T06:00:00,6,94,3274A,浦东惠南,上海市,shanghai,121.796,31.051,pm25,33.902252197265625,15.479391098022461,18.0
2023-02-03T06:00:00,6,94,3274A,浦东惠南,上海市,shanghai,121.796,31.051,o3,77.68022155761719,62.9908561706543,56.0
2023-02-03T06:00:00,6,95,3287A,富润路1号,镇江市,zhenjiang,119.384,32.198,pm25,49.001644134521484,25.637216567993164,27.0
2023-02-03T06:00:00,6,95,3287A,富润路1号,镇江市,zhenjiang,119.384,32.198,o3,62.042964935302734,69.71117401123047,77.0
2023-02-03T06:00:00,6,96,3289A,方洲路,苏州市,suzhou,120.743,31.319,pm25,32.94173049926758,16.17571449279785,17.0
2023-02-03T06:00:00,6,96,3289A,方洲路,苏州市,suzhou,120.743,31.319,o3,68.16514587402344,67.31356048583984,65.0
2023-02-03T06:00:00,6,97,3290A,木渎中学,苏州市,suzhou,120.503,31.277,pm25,36.15914535522461,21.810068130493164,23.0
2023-02-03T06:00:00,6,97,3290A,木渎中学,苏州市,suzhou,120.503,31.277,o3,62.01468276977539,57.58708953857422,56.0
2023-02-03T06:00:00,6,98,3291A,通州监测站,南通市,nantong,121.067,32.062,pm25,30.395172119140625,15.983470916748047,19.0
2023-02-03T06:00:00,6,98,3291A,通州监测站,南通市,nantong,121.067,32.062,o3,89.38086700439453,83.13304138183594,82.0
2023-02-03T06:00:00,6,99,3294A,引江管理处,扬州市,yangzhou,119.565,32.422,pm25,37.20874786376953,21.924867630004883,21.0
2023-02-03T06:00:00,6,99,3294A,引江管理处,扬州市,yangzhou,119.565,32.422,o3,74.52233123779297,80.32036590576172,81.0
2023-02-03T06:00:00,6,100,3295A,姜堰区政府广场,泰州市,taizhou,120.126,32.51,pm25,35.59981155395508,9.247520446777344,14.0
2023-02-03T06:00:00,6,100,3295A,姜堰区政府广场,泰州市,taizhou,120.126,32.51,o3,76.0290756225586,79.68025970458984,80.0
2023-02-03T06:00:00,6,101,3407A,秀洲住建,嘉兴市,jiaxing,120.692,30.774,pm25,35.873348236083984,23.707529067993164,26.0
2023-02-03T06:00:00,6,101,3407A,秀洲住建,嘉兴市,jiaxing,120.692,30.774,o3,76.61907196044922,66.16580200195312,61.0
2023-02-03T06:00:00,6,102,3408A,绍兴中专,绍兴市,shaoxing,120.568,29.936,pm25,49.999481201171875,41.92601013183594,39.0
2023-02-03T06:00:00,6,102,3408A,绍兴中专,绍兴市,shaoxing,120.568,29.936,o3,61.85508346557617,42.880741119384766,41.0
2023-02-03T06:00:00,6,103,3409A,柯桥区政府,绍兴市,shaoxing,120.491,30.086,pm25,48.383522033691406,29.97552490234375,25.0
2023-02-03T06:00:00,6,103,3409A,柯桥区政府,绍兴市,shaoxing,120.491,30.086,o3,52.99864959716797,45.19493865966797,49.0
2023-02-03T06:00:00,6,104,3410A,重华小学,绍兴市,shaoxing,120.875,30.025,pm25,39.59354782104492,24.844749450683594,23.0
2023-02-03T06:00:00,6,104,3410A,重华小学,绍兴市,shaoxing,120.875,30.025,o3,70.2070083618164,60.25321578979492,56.0
2023-02-03T06:00:00,6,105,3411A,上虞中学,绍兴市,shaoxing,120.837,30.014,pm25,39.90115737915039,26.703540802001953,24.0
2023-02-03T06:00:00,6,105,3411A,上虞中学,绍兴市,shaoxing,120.837,30.014,o3,65.43988037109375,56.4373893737793,60.0
2023-02-03T06:00:00,6,106,3422A,江宁彩虹桥,南京市,nanjing,118.844,31.92,pm25,57.77323913574219,21.27513885498047,14.0
2023-02-03T06:00:00,6,106,3422A,江宁彩虹桥,南京市,nanjing,118.844,31.92,o3,54.57728958129883,69.08982849121094,72.0
2023-02-03T06:00:00,6,107,3423A,溧水永阳,南京市,nanjing,119.014,31.649,pm25,56.74674987792969,30.392499923706055,29.0
2023-02-03T06:00:00,6,107,3423A,溧水永阳,南京市,nanjing,119.014,31.649,o3,63.910213470458984,71.76371765136719,77.0
2023-02-03T06:00:00,6,108,3424A,高淳老职中,南京市,nanjing,118.879,31.33,pm25,66.08442687988281,43.68346405029297,42.0
2023-02-03T06:00:00,6,108,3424A,高淳老职中,南京市,nanjing,118.879,31.33,o3,63.77227020263672,67.63554382324219,71.0
2023-02-03T06:00:00,6,109,3425A,越秀幼儿园,苏州市,suzhou,120.624,31.173,pm25,35.279109954833984,19.94175148010254,22.0
2023-02-03T06:00:00,6,109,3425A,越秀幼儿园,苏州市,suzhou,120.624,31.173,o3,64.21894073486328,65.23340606689453,58.0
2023-02-03T06:00:00,6,110,3427A,六合雄州,南京市,nanjing,118.855,32.358,pm25,47.82788848876953,16.168432235717773,12.0
2023-02-03T06:00:00,6,110,3427A,六合雄州,南京市,nanjing,118.855,32.358,o3,65.59659576416016,72.7721939086914,76.0
2023-02-03T06:00:00,6,111,3428A,华庄,无锡市,wuxi,120.314,31.475,pm25,40.691253662109375,24.99283218383789,24.0
2023-02-03T06:00:00,6,111,3428A,华庄,无锡市,wuxi,120.314,31.475,o3,56.0584716796875,60.35531997680664,64.0
2023-02-03T06:00:00,6,112,3429A,武进经发区,常州市,changzhou,119.86,31.707,pm25,42.60749435424805,33.28177261352539,33.0
2023-02-03T06:00:00,6,112,3429A,武进经发区,常州市,changzhou,119.86,31.707,o3,57.95018005371094,63.233158111572266,63.0
2023-02-03T06:00:00,6,113,3430A,金坛城区,常州市,changzhou,119.583,31.724,pm25,48.78412628173828,39.9903678894043,37.0
2023-02-03T06:00:00,6,113,3430A,金坛城区,常州市,changzhou,119.583,31.724,o3,60.55680465698242,65.9882583618164,71.0
2023-02-03T06:00:00,6,114,3431A,高铁新城,苏州市,suzhou,120.65,31.416,pm25,33.47768783569336,18.01504135131836,20.0
2023-02-03T06:00:00,6,114,3431A,高铁新城,苏州市,suzhou,120.65,31.416,o3,68.50044250488281,65.705322265625,73.0
2023-02-03T06:00:00,6,115,3432A,环境教育馆,南通市,nantong,120.935,31.988,pm25,29.27100372314453,16.00634765625,19.0
2023-02-03T06:00:00,6,115,3432A,环境教育馆,南通市,nantong,120.935,31.988,o3,87.11817169189453,79.59326171875,79.0
2023-02-03T06:00:00,6,116,3435A,周山河街区,泰州市,taizhou,119.919,32.432,pm25,37.77237319946289,21.244678497314453,18.0
2023-02-03T06:00:00,6,116,3435A,周山河街区,泰州市,taizhou,119.919,32.432,o3,70.1450424194336,72.45094299316406,78.0
2023-02-03T06:00:00,6,117,3544A,奉贤南桥新城,上海市,shanghai,121.489,30.925,pm25,31.184402465820312,11.670900344848633,17.0
2023-02-03T06:00:00,6,117,3544A,奉贤南桥新城,上海市,shanghai,121.489,30.925,o3,75.1720199584961,65.18217468261719,53.0
2023-02-03T06:00:00,6,118,3557A,镇二中,杭州市,hangzhou,119.946,30.049,pm25,63.03535842895508,43.64434051513672,46.0
2023-02-03T06:00:00,6,118,3557A,镇二中,杭州市,hangzhou,119.946,30.049,o3,42.74857711791992,33.05190658569336,34.0
2023-02-03T06:00:00,6,119,3558A,市府大楼,杭州市,hangzhou,119.718,30.237,pm25,66.82257843017578,50.30680465698242,46.0
2023-02-03T06:00:00,6,119,3558A,市府大楼,杭州市,hangzhou,119.718,30.237,o3,49.103004455566406,38.68788528442383,34.0
2023-02-03T06:00:00,6,120,3560A,柯桥妇保,绍兴市,shaoxing,120.472,30.042,pm25,52.46550750732422,38.42792892456055,30.0
2023-02-03T06:00:00,6,120,3560A,柯桥妇保,绍兴市,shaoxing,120.472,30.042,o3,55.656620025634766,46.31050109863281,49.0
2023-02-03T06:00:00,6,121,3562A,南浔区站,湖州市,huzhou,120.415,30.854,pm25,40.27851867675781,34.82902908325195,32.0
2023-02-03T06:00:00,6,121,3562A,南浔区站,湖州市,huzhou,120.415,30.854,o3,64.39818572998047,52.73063659667969,55.0
2023-02-03T06:00:00,6,122,3564A,台州科技职业学院,台州市,taizhou,121.257,28.668,pm25,48.02630615234375,18.073633193969727,16.0
2023-02-03T06:00:00,6,122,3564A,台州科技职业学院,台州市,taizhou,121.257,28.668,o3,71.32806396484375,75.58657836914062,75.0
2023-02-03T06:00:00,6,123,3656A,消防大队,杭州市,hangzhou,120.156,30.286,pm25,57.685829162597656,35.09275436401367,37.0
2023-02-03T06:00:00,6,123,3656A,消防大队,杭州市,hangzhou,120.156,30.286,o3,49.971282958984375,50.29991912841797,46.0
2023-02-03T06:00:00,6,124,3658A,袍江中学,绍兴市,shaoxing,120.615,30.076,pm25,43.26839065551758,25.135662078857422,28.0
2023-02-03T06:00:00,6,124,3658A,袍江中学,绍兴市,shaoxing,120.615,30.076,o3,63.21791458129883,59.48285675048828,54.0
2023-02-03T06:00:00,6,125,3710A,白沙活动中心,宁波市,ningbo,121.559,29.898,pm25,28.0507869720459,11.226116180419922,11.0
2023-02-03T06:00:00,6,125,3710A,白沙活动中心,宁波市,ningbo,121.559,29.898,o3,78.84259796142578,69.28022766113281,65.0
2023-02-03T06:00:00,6,126,4033A,普陀东港中学,舟山市,zhoushan,122.312,29.962,pm25,29.88082504272461,10.316965103149414,9.0
2023-02-03T06:00:00,6,126,4033A,普陀东港中学,舟山市,zhoushan,122.312,29.962,o3,83.81873321533203,74.36119842529297,74.0
2023-02-03T12:00:00,12,0,1141A,普陀,上海市,shanghai,121.4,31.238,pm25,35.48725891113281,15.222707748413086,12.0
2023-02-03T12:00:00,12,0,1141A,普陀,上海市,shanghai,121.4,31.238,o3,57.1336784362793,56.74321746826172,61.0
2023-02-03T12:00:00,12,1,1142A,十五厂,上海市,shanghai,121.478,31.204,pm25,34.37244415283203,14.221460342407227,16.0
2023-02-03T12:00:00,12,1,1142A,十五厂,上海市,shanghai,121.478,31.204,o3,52.34435272216797,60.46186447143555,56.0
2023-02-03T12:00:00,12,2,1143A,虹口,上海市,shanghai,121.467,31.301,pm25,36.12394714355469,16.21875762939453,16.0
2023-02-03T12:00:00,12,2,1143A,虹口,上海市,shanghai,121.467,31.301,o3,53.12710189819336,54.782989501953125,52.0
2023-02-03T12:00:00,12,3,1144A,徐汇上师大,上海市,shanghai,121.412,31.165,pm25,34.24900817871094,15.209247589111328,2.0
2023-02-03T12:00:00,12,3,1144A,徐汇上师大,上海市,shanghai,121.412,31.165,o3,50.173240661621094,56.6077766418457,58.0
2023-02-03T12:00:00,12,4,1145A,杨浦四漂,上海市,shanghai,121.536,31.266,pm25,34.10379409790039,12.24028205871582,12.0
2023-02-03T12:00:00,12,4,1145A,杨浦四漂,上海市,shanghai,121.536,31.266,o3,58.52756118774414,67.5155029296875,68.0
2023-02-03T12:00:00,12,5,1147A,静安监测站,上海市,shanghai,121.425,31.226,pm25,34.68624496459961,15.214000701904297,16.0
2023-02-03T12:00:00,12,5,1147A,静安监测站,上海市,shanghai,121.425,31.226,o3,55.73158645629883,63.47893524169922,63.0
2023-02-03T12:00:00,12,6,1148A,浦东川沙,上海市,shanghai,121.703,31.191,pm25,35.60454559326172,15.223981857299805,12.0
2023-02-03T12:00:00,12,6,1148A,浦东川沙,上海市,shanghai,121.703,31.191,o3,55.76103973388672,65.40534210205078,62.0
2023-02-03T12:00:00,12,7,1149A,浦东新区监测站,上海市,shanghai,121.533,31.228,pm25,34.53356170654297,15.21234130859375,15.0
2023-02-03T12:00:00,12,7,1149A,浦东新区监测站,上海市,shanghai,121.533,31.228,o3,52.92493438720703,62.44164276123047,64.0
2023-02-03T12:00:00,12,8,1150A,浦东张江,上海市,shanghai,121.577,31.207,pm25,31.04072380065918,9.239595413208008,8.0
2023-02-03T12:00:00,12,8,1150A,浦东张江,上海市,shanghai,121.577,31.207,o3,51.467247009277344,61.435333251953125,65.0
2023-02-03T12:00:00,12,9,1151A,迈皋桥,南京市,nanjing,118.809,32.106,pm25,78.81890869140625,31.519819259643555,41.0
2023-02-03T12:00:00,12,9,1151A,迈皋桥,南京市,nanjing,118.809,32.106,o3,28.59850311279297,55.94718933105469,56.0
2023-02-03T12:00:00,12,10,1152A,草场门,南京市,nanjing,118.754,32.055,pm25,75.40290832519531,24.558778762817383,31.0
2023-02-03T12:00:00,12,10,1152A,草场门,南京市,nanjing,118.754,32.055,o3,28.209976196289062,58.853416442871094,52.0
2023-02-03T12:00:00,12,11,1153A,山西路,南京市,nanjing,118.779,32.074,pm25,80.30492401123047,29.557714462280273,36.0
2023-02-03T12:00:00,12,11,1153A,山西路,南京市,nanjing,118.779,32.074,o3,28.415992736816406,52.02106857299805,52.0
2023-02-03T12:00:00,12,12,1154A,中华门,南京市,nanjing,118.775,32.002,pm25,76.42579650878906,24.56989860534668,36.0
2023-02-03T12:00:00,12,12,1154A,中华门,南京市,nanjing,118.775,32.002,o3,28.507041931152344,60.70463943481445,50.0
2023-02-03T12:00:00,12,13,1155A,瑞金路,南京市,nanjing,118.811,32.031,pm25,80.37434387207031,29.558467864990234,39.0
2023-02-03T12:00:00,12,13,1155A,瑞金路,南京市,nanjing,118.811,32.031,o3,26.772350311279297,52.96061706542969,49.0
2023-02-03T12:00:00,12,14,1156A,玄武湖,南京市,nanjing,118.8,32.075,pm25,77.51802062988281,25.57090187072754,31.0
2023-02-03T12:00:00,12,14,1156A,玄武湖,南京市,nanjing,118.8,32.075,o3,27.629425048828125,64.58871459960938,60.0
2023-02-03T12:00:00,12,15,1157A,浦口,南京市,nanjing,118.641,32.093,pm25,73.51814270019531,22.56003189086914,24.0
2023-02-03T12:00:00,12,15,1157A,浦口,南京市,nanjing,118.641,32.093,o3,31.508018493652344,70.5300064086914,68.0
2023-02-03T12:00:00,12,16,1158A,奥体中心,南京市,nanjing,118.736,32.0,pm25,80.07264709472656,27.57693099975586,39.0
2023-02-03T12:00:00,12,16,1158A,奥体中心,南京市,nanjing,118.736,32.0,o3,28.486331939697266,54.97175979614258,51.0
2023-02-03T12:00:00,12,17,1159A,仙林大学城,南京市,nanjing,118.912,32.103,pm25,76.9941177368164,27.54346466064453,34.0
2023-02-03T12:00:00,12,17,1159A,仙林大学城,南京市,nanjing,118.912,32.103,o3,29.60055160522461,60.75395965576172,53.0
2023-02-03T12:00:00,12,18,1160A,上方山,苏州市,suzhou,120.561,31.247,pm25,45.062496185302734,24.228961944580078,24.0
2023-02-03T12:00:00,12,18,1160A,上方山,苏州市,suzhou,120.561,31.247,o3,35.58830261230469,31.13968276977539,28.0
2023-02-03T12:00:00,12,19,1162A,彩香,苏州市,suzhou,120.591,31.302,pm25,45.64946746826172,25.224472045898438,28.0
2023-02-03T12:00:00,12,19,1162A,彩香,苏州市,suzhou,120.591,31.302,o3,41.066246032714844,39.000003814697266,26.0
2023-02-03T12:00:00,12,20,1163A,轧钢厂,苏州市,suzhou,120.596,31.326,pm25,44.78223419189453,24.225914001464844,28.0
2023-02-03T12:00:00,12,20,1163A,轧钢厂,苏州市,suzhou,120.596,31.326,o3,37.72515869140625,33.0989990234375,25.0
2023-02-03T12:00:00,12,21,1164A,吴中区,苏州市,suzhou,120.613,31.27,pm25,41.7800407409668,23.204151153564453,23.0
2023-02-03T12:00:00,12,21,1164A,吴中区,苏州市,suzhou,120.613,31.27,o3,42.327293395996094,33.27717971801758,18.0
2023-02-03T12:00:00,12,22,1165A,苏州新区,苏州市,suzhou,120.543,31.299,pm25,47.31684112548828,30.188243865966797,35.0
2023-02-03T12:00:00,12,22,1165A,苏州新区,苏州市,suzhou,120.543,31.299,o3,35.97858428955078,26.504863739013672,15.000003814697266
2023-02-03T12:00:00,12,23,1166A,苏州工业园区,苏州市,suzhou,120.669,31.31,pm25,41.48040008544922,23.20089340209961,26.0
2023-02-03T12:00:00,12,23,1166A,苏州工业园区,苏州市,suzhou,120.669,31.31,o3,44.92705535888672,39.99022674560547,29.0
2023-02-03T12:00:00,12,24,1167A,相城区,苏州市,suzhou,120.641,31.371,pm25,42.87157440185547,25.19427490234375,26.0
2023-02-03T12:00:00,12,24,1167A,相城区,苏州市,suzhou,120.641,31.371,o3,40.12953186035156,22.67325210571289,2.0
2023-02-03T12:00:00,12,25,1168A,狼山街道,南通市,nantong,120.91,31.966,pm25,37.597381591796875,19.202165603637695,22.0
2023-02-03T12:00:00,12,25,1168A,狼山街道,南通市,nantong,120.91,31.966,o3,61.37087631225586,66.62185668945312,61.0
2023-02-03T12:00:00,12,26,1169A,虹桥,南通市,nantong,120.86,32.001,pm25,41.16706848144531,26.164875030517578,31.0
2023-02-03T12:00:00,12,26,1169A,虹桥,南通市,nantong,120.86,32.001,o3,60.48963928222656,62.75899124145508,60.0
2023-02-03T12:00:00,12,27,1170A,城中,南通市,nantong,120.87,32.02,pm25,38.44469451904297,24.157020568847656,34.0
2023-02-03T12:00:00,12,27,1170A,城中,南通市,nantong,120.87,32.02,o3,62.21474075317383,67.6111831665039,61.0
2023-02-03T12:00:00,12,28,1171A,星湖花园,南通市,nantong,120.94,31.93,pm25,38.550846099853516,24.15817642211914,22.0
2023-02-03T12:00:00,12,28,1171A,星湖花园,南通市,nantong,120.94,31.93,o3,56.83751678466797,59.64564895629883,56.0
2023-02-03T12:00:00,12,29,1172A,紫琅学院,南通市,nantong,120.81,32.042,pm25,36.914642333984375,19.19474220275879,22.0
2023-02-03T12:00:00,12,29,1172A,紫琅学院,南通市,nantong,120.81,32.042,o3,58.31114196777344,61.72002410888672,59.0
2023-02-03T12:00:00,12,30,1186A,邗江监测站,扬州市,yangzhou,119.389,32.376,pm25,67.94096374511719,34.36895751953125,41.0
2023-02-03T12:00:00,12,30,1186A,邗江监测站,扬州市,yangzhou,119.389,32.376,o3,37.05560302734375,56.18122863769531,45.0
2023-02-03T12:00:00,12,31,1188A,雪浪,无锡市,wuxi,120.269,31.487,pm25,44.931156158447266,17.303627014160156,17.0
2023-02-03T12:00:00,12,31,1188A,雪浪,无锡市,wuxi,120.269,31.487,o3,34.39791488647461,49.434814453125,49.0
2023-02-03T12:00:00,12,32,1189A,黄巷,无锡市,wuxi,120.275,31.622,pm25,48.07950973510742,22.283498764038086,22.0
2023-02-03T12:00:00,12,32,1189A,黄巷,无锡市,wuxi,120.275,31.622,o3,36.455421447753906,44.661888122558594,40.0
2023-02-03T12:00:00,12,33,1190A,曹张,无锡市,wuxi,120.294,31.56,pm25,47.76006317138672,22.280025482177734,24.0
2023-02-03T12:00:00,12,33,1190A,曹张,无锡市,wuxi,120.294,31.56,o3,33.78245162963867,44.56885528564453,34.0
2023-02-03T12:00:00,12,34,1191A,漆塘,无锡市,wuxi,120.242,31.503,pm25,49.37706756591797,24.275863647460938,24.0
2023-02-03T12:00:00,12,34,1191A,漆塘,无锡市,wuxi,120.242,31.503,o3,34.921688079833984,40.730140686035156,34.0
2023-02-03T12:00:00,12,35,1192A,东亭,无锡市,wuxi,120.349,31.586,pm25,48.15488815307617,22.284317016601562,22.0
2023-02-03T12:00:00,12,35,1192A,东亭,无锡市,wuxi,120.349,31.586,o3,34.98809051513672,49.47020721435547,40.0
2023-02-03T12:00:00,12,36,1193A,旺庄,无锡市,wuxi,120.354,31.548,pm25,49.248626708984375,24.27446746826172,29.0
2023-02-03T12:00:00,12,36,1193A,旺庄,无锡市,wuxi,120.354,31.548,o3,32.96228790283203,37.847877502441406,32.0
2023-02-03T12:00:00,12,37,1194A,荣巷,无锡市,wuxi,120.245,31.563,pm25,48.36613464355469,22.28661346435547,19.0
2023-02-03T12:00:00,12,37,1194A,荣巷,无锡市,wuxi,120.245,31.563,o3,36.24555206298828,50.48368453979492,37.0
2023-02-03T12:00:00,12,38,1195A,堰桥,无锡市,wuxi,120.299,31.682,pm25,48.42985534667969,24.265567779541016,24.0
2023-02-03T12:00:00,12,38,1195A,堰桥,无锡市,wuxi,120.299,31.682,o3,37.31182098388672,37.93013000488281,27.0
2023-02-03T12:00:00,12,39,1196A,市监测站,常州市,changzhou,119.963,31.762,pm25,52.04063415527344,29.250465393066406,34.0
2023-02-03T12:00:00,12,39,1196A,市监测站,常州市,changzhou,119.963,31.762,o3,37.92793273925781,51.37550354003906,59.0
2023-02-03T12:00:00,12,40,1200A,武进监测站,常州市,changzhou,119.947,31.707,pm25,53.490516662597656,34.21187210083008,30.0
2023-02-03T12:00:00,12,40,1200A,武进监测站,常州市,changzhou,119.947,31.707,o3,38.74400329589844,55.306453704833984,55.0
2023-02-03T12:00:00,12,41,1201A,安家,常州市,changzhou,119.926,31.909,pm25,55.11252212524414,44.12080001831055,43.0
2023-02-03T12:00:00,12,41,1201A,安家,常州市,changzhou,119.926,31.909,o3,39.82697296142578,29.248798370361328,22.0
2023-02-03T12:00:00,12,42,1203A,新区办事处,镇江市,zhenjiang,119.671,32.188,pm25,56.75736999511719,33.25825500488281,38.0
2023-02-03T12:00:00,12,42,1203A,新区办事处,镇江市,zhenjiang,119.671,32.188,o3,42.74851989746094,47.58148193359375,37.0
2023-02-03T12:00:00,12,43,1204A,职教中心,镇江市,zhenjiang,119.497,32.197,pm25,65.5355224609375,38.2993278503418,38.0
2023-02-03T12:00:00,12,43,1204A,职教中心,镇江市,zhenjiang,119.497,32.197,o3,36.2402458190918,55.13551330566406,44.0
2023-02-03T12:00:00,12,44,1205A,丹徒区监测站,镇江市,zhenjiang,119.43,32.133,pm25,65.82353210449219,36.32419967651367,43.0
2023-02-03T12:00:00,12,44,1205A,丹徒区监测站,镇江市,zhenjiang,119.43,32.133,o3,37.030296325683594,62.86610412597656,37.0
2023-02-03T12:00:00,12,45,1206A,公园路,泰州市,taizhou,119.905,32.488,pm25,50.2299919128418,29.23078155517578,53.0
2023-02-03T12:00:00,12,45,1206A,公园路,泰州市,taizhou,119.905,32.488,o3,49.36432647705078,66.14982604980469,55.0
2023-02-03T12:00:00,12,46,1207A,莲花,泰州市,taizhou,119.919,32.462,pm25,52.092952728271484,35.18581008911133,50.0
2023-02-03T12:00:00,12,46,1207A,莲花,泰州市,taizhou,119.919,32.462,o3,51.25142288208008,69.15078735351562,61.0
2023-02-03T12:00:00,12,47,1209A,留学生创业园,泰州市,taizhou,119.888,32.464,pm25,51.801544189453125,33.204383850097656,37.0
2023-02-03T12:00:00,12,47,1209A,留学生创业园,泰州市,taizhou,119.888,32.464,o3,48.85132598876953,67.12065887451172,57.0
2023-02-03T12:00:00,12,48,1223A,滨江,杭州市,hangzhou,120.207,30.211,pm25,57.881935119628906,43.161773681640625,37.0
2023-02-03T12:00:00,12,48,1223A,滨江,杭州市,hangzhou,120.207,30.211,o3,35.16770935058594,31.401233673095703,40.0
2023-02-03T12:00:00,12,49,1224A,西溪,杭州市,hangzhou,120.063,30.275,pm25,62.256103515625,43.20932388305664,45.0
2023-02-03T12:00:00,12,49,1224A,西溪,杭州市,hangzhou,120.063,30.275,o3,30.610641479492188,25.498340606689453,17.0
2023-02-03T12:00:00,12,50,1226A,下沙,杭州市,hangzhou,120.346,30.315,pm25,59.71659851074219,47.13823699951172,46.0
2023-02-03T12:00:00,12,50,1226A,下沙,杭州市,hangzhou,120.346,30.315,o3,43.993553161621094,44.158653259277344,32.0
2023-02-03T12:00:00,12,51,1227A,卧龙桥,杭州市,hangzhou,120.127,30.246,pm25,59.637298583984375,38.23521041870117,40.0
2023-02-03T12:00:00,12,51,1227A,卧龙桥,杭州市,hangzhou,120.127,30.246,o3,31.193084716796875,17.824798583984375,10.0
2023-02-03T12:00:00,12,52,1228A,浙江农大,杭州市,hangzhou,120.19,30.269,pm25,67.5589370727539,55.13652038574219,49.0
2023-02-03T12:00:00,12,52,1228A,浙江农大,杭州市,hangzhou,120.19,30.269,o3,37.7386589050293,33.232791900634766,38.0
2023-02-03T12:00:00,12,53,1230A,和睦小学,杭州市,hangzhou,120.12,30.312,pm25,67.0782470703125,53.153038024902344,56.0
2023-02-03T12:00:00,12,53,1230A,和睦小学,杭州市,hangzhou,120.12,30.312,o3,34.80860137939453,29.440288543701172,24.0
2023-02-03T12:00:00,12,54,1231A,临平镇,杭州市,hangzhou,120.302,30.418,pm25,51.78269958496094,34.19330978393555,38.0
2023-02-03T12:00:00,12,54,1231A,临平镇,杭州市,hangzhou,120.302,30.418,o3,47.323699951171875,46.920013427734375,38.0
2023-02-03T12:00:00,12,55,1232A,城厢镇,杭州市,hangzhou,120.27,30.182,pm25,60.2427864074707,40.22005081176758,39.0
2023-02-03T12:00:00,12,55,1232A,城厢镇,杭州市,hangzhou,120.27,30.182,o3,37.62596130371094,35.24420928955078,29.0
2023-02-03T12:00:00,12,56,1233A,云栖,杭州市,hangzhou,120.088,30.181,pm25,60.15458679199219,38.2408332824707,40.0
2023-02-03T12:00:00,12,56,1233A,云栖,杭州市,hangzhou,120.088,30.181,o3,32.06037902832031,16.78752899169922,9.000003814697266
2023-02-03T12:00:00,12,57,1234A,区环保大楼,宁波市,ningbo,121.836,29.911,pm25,37.5122184753418,18.212106704711914,13.0
2023-02-03T12:00:00,12,57,1234A,区环保大楼,宁波市,ningbo,121.836,29.911,o3,55.461387634277344,42.46782684326172,44.0
2023-02-03T12:00:00,12,58,1235A,万里学院,宁波市,ningbo,121.56,29.82,pm25,34.306339263916016,17.188127517700195,16.0
2023-02-03T12:00:00,12,58,1235A,万里学院,宁波市,ningbo,121.56,29.82,o3,56.884944915771484,56.88881301879883,46.0
2023-02-03T12:00:00,12,59,1236A,龙赛医院,宁波市,ningbo,121.713,29.957,pm25,34.318458557128906,11.253486633300781,10.0
2023-02-03T12:00:00,12,59,1236A,龙赛医院,宁波市,ningbo,121.713,29.957,o3,61.308650970458984,59.99174499511719,42.0
2023-02-03T12:00:00,12,60,1239A,钱湖水厂,宁波市,ningbo,121.633,29.773,pm25,35.76202392578125,21.160472869873047,29.0
2023-02-03T12:00:00,12,60,1239A,钱湖水厂,宁波市,ningbo,121.633,29.773,o3,56.4388542175293,52.99351501464844,48.0
2023-02-03T12:00:00,12,61,1240A,太古小学,宁波市,ningbo,121.586,29.864,pm25,31.70764923095703,18.14900779724121,13.0
2023-02-03T12:00:00,12,61,1240A,太古小学,宁波市,ningbo,121.586,29.864,o3,53.33926010131836,51.97988510131836,40.0
2023-02-03T12:00:00,12,62,1241A,市环境监测中心,宁波市,ningbo,121.524,29.867,pm25,31.659822463989258,18.148488998413086,17.0
2023-02-03T12:00:00,12,62,1241A,市环境监测中心,宁波市,ningbo,121.524,29.867,o3,47.53374481201172,49.88727569580078,45.0
2023-02-03T12:00:00,12,63,1247A,城东开发委,绍兴市,shaoxing,120.605,29.993,pm25,50.202545166015625,32.197872161865234,30.0
2023-02-03T12:00:00,12,63,1247A,城东开发委,绍兴市,shaoxing,120.605,29.993,o3,45.24268341064453,34.336544036865234,21.0
2023-02-03T12:00:00,12,64,1250A,城西水厂,湖州市,huzhou,120.075,30.867,pm25,52.114166259765625,40.13168716430664,35.0
2023-02-03T12:00:00,12,64,1250A,城西水厂,湖州市,huzhou,120.075,30.867,o3,44.108856201171875,49.678138732910156,38.0
2023-02-03T12:00:00,12,65,1252A,清河小学,嘉兴市,jiaxing,120.744,30.778,pm25,40.3443603515625,22.199413299560547,26.0
2023-02-03T12:00:00,12,65,1252A,清河小学,嘉兴市,jiaxing,120.744,30.778,o3,46.02621078491211,41.05650329589844,30.0
2023-02-03T12:00:00,12,66,1253A,嘉兴学院,嘉兴市,jiaxing,120.726,30.748,pm25,45.42962646484375,32.14598846435547,36.0
2023-02-03T12:00:00,12,66,1253A,嘉兴学院,嘉兴市,jiaxing,120.726,30.748,o3,46.976287841796875,39.17626190185547,34.0
2023-02-03T12:00:00,12,67,1255A,黄岩环保大楼,台州市,taizhou,121.273,28.646,pm25,44.72521209716797,26.203554153442383,29.0
2023-02-03T12:00:00,12,67,1255A,黄岩环保大楼,台州市,taizhou,121.273,28.646,o3,66.0513687133789,54.047611236572266,53.0
2023-02-03T12:00:00,12,68,1256A,台州环保大楼,台州市,taizhou,121.419,28.654,pm25,48.521827697753906,30.201343536376953,29.0
2023-02-03T12:00:00,12,68,1256A,台州环保大楼,台州市,taizhou,121.419,28.654,o3,69.9224624633789,57.16066360473633,52.0
2023-02-03T12:00:00,12,69,1257A,路桥田洋王,台州市,taizhou,121.377,28.577,pm25,51.48556900024414,32.21181869506836,33.0
2023-02-03T12:00:00,12,69,1257A,路桥田洋王,台州市,taizhou,121.377,28.577,o3,63.93775939941406,51.078495025634766,48.0
2023-02-03T12:00:00,12,70,1258A,定海檀枫,舟山市,zhoushan,122.122,30.02,pm25,31.324153900146484,13.199193954467773,19.0
2023-02-03T12:00:00,12,70,1258A,定海檀枫,舟山市,zhoushan,122.122,30.02,o3,63.48846435546875,62.91822052001953,58.0
2023-02-03T12:00:00,12,71,1259A,普陀东港,舟山市,zhoushan,122.309,29.956,pm25,29.193044662475586,9.21950912475586,11.0
2023-02-03T12:00:00,12,71,1259A,普陀东港,舟山市,zhoushan,122.309,29.956,o3,65.62884521484375,75.40168762207031,74.0
2023-02-03T12:00:00,12,72,1260A,临城新区,舟山市,zhoushan,122.19,29.994,pm25,30.243146896362305,10.220056533813477,12.0
2023-02-03T12:00:00,12,72,1260A,临城新区,舟山市,zhoushan,122.19,29.994,o3,63.31349563598633,69.56718444824219,66.0
2023-02-03T12:00:00,12,73,2869A,五台山医院,扬州市,yangzhou,119.447,32.416,pm25,67.96170043945312,34.36918258666992,43.0
2023-02-03T12:00:00,12,73,2869A,五台山医院,扬州市,yangzhou,119.447,32.416,o3,32.6876335144043,45.35841369628906,31.0
2023-02-03T12:00:00,12,74,2870A,市疾控中心,镇江市,zhenjiang,119.442,32.187,pm25,68.93580627441406,43.28193664550781,39.0
2023-02-03T12:00:00,12,74,2870A,市疾控中心,镇江市,zhenjiang,119.442,32.187,o3,37.861228942871094,59.069679260253906,42.0
2023-02-03T12:00:00,12,75,2871A,万里国际学校,宁波市,ningbo,121.615,29.902,pm25,35.32572937011719,19.177471160888672,21.0
2023-02-03T12:00:00,12,75,2871A,万里国际学校,宁波市,ningbo,121.615,29.902,o3,52.58214569091797,51.12637710571289,49.0
2023-02-03T12:00:00,12,76,2872A,南湖区残联,嘉兴市,jiaxing,120.785,30.752,pm25,45.10679244995117,32.142478942871094,39.0
2023-02-03T12:00:00,12,76,2872A,南湖区残联,嘉兴市,jiaxing,120.785,30.752,o3,45.46116638183594,33.319435119628906,37.0
2023-02-03T12:00:00,12,77,2873A,仁皇山新区,湖州市,huzhou,120.088,30.896,pm25,48.48264694213867,24.26613998413086,24.0
2023-02-03T12:00:00,12,77,2873A,仁皇山新区,湖州市,huzhou,120.088,30.896,o3,39.421791076660156,45.65912628173828,41.0
2023-02-03T12:00:00,12,78,2907A,吴兴区站,湖州市,huzhou,120.184,30.86,pm25,49.949745178222656,32.195125579833984,38.0
2023-02-03T12:00:00,12,78,2907A,吴兴区站,湖州市,huzhou,120.184,30.86,o3,41.26513671875,47.73102951049805,36.0
2023-02-03T12:00:00,12,79,2921A,树下王站,绍兴市,shaoxing,120.548,30.0,pm25,60.2194709777832,44.17631530761719,52.0
2023-02-03T12:00:00,12,79,2921A,树下王站,绍兴市,shaoxing,120.548,30.0,o3,42.8639030456543,39.005279541015625,30.0
2023-02-03T12:00:00,12,80,2997A,王营,泰州市,taizhou,119.877,32.329,pm25,54.58980178833008,36.202083587646484,39.0
2023-02-03T12:00:00,12,80,2997A,王营,泰州市,taizhou,119.877,32.329,o3,48.022483825683594,64.19345092773438,53.0
2023-02-03T12:00:00,12,81,3002A,行政中心,常州市,changzhou,119.98,31.817,pm25,52.03485870361328,29.250402450561523,32.0
2023-02-03T12:00:00,12,81,3002A,行政中心,常州市,changzhou,119.98,31.817,o3,34.35800552368164,39.71044921875,48.0
2023-02-03T12:00:00,12,82,3003A,经开区,常州市,changzhou,120.052,31.775,pm25,49.03075408935547,28.22861671447754,22.0
2023-02-03T12:00:00,12,82,3003A,经开区,常州市,changzhou,120.052,31.775,o3,38.28929901123047,51.512569427490234,54.0
2023-02-03T12:00:00,12,83,3010A,钟楼,常州市,changzhou,119.902,31.796,pm25,54.40211486816406,36.200042724609375,35.0
2023-02-03T12:00:00,12,83,3010A,钟楼,常州市,changzhou,119.902,31.796,o3,38.90974426269531,48.51746368408203,49.0
2023-02-03T12:00:00,12,84,3164A,广陵建设局,扬州市,yangzhou,119.469,32.394,pm25,68.22909545898438,35.36122131347656,38.0
2023-02-03T12:00:00,12,84,3164A,广陵建设局,扬州市,yangzhou,119.469,32.394,o3,29.38439178466797,30.815521240234375,7.0
2023-02-03T12:00:00,12,85,3195A,市体育局,扬州市,yangzhou,119.363,32.397,pm25,66.62638854980469,31.387279510498047,38.0
2023-02-03T12:00:00,12,85,3195A,市体育局,扬州市,yangzhou,119.363,32.397,o3,37.5485725402832,60.98661804199219,50.0
2023-02-03T12:00:00,12,86,3265A,宝山庙行,上海市,shanghai,121.432,31.332,pm25,36.44374084472656,19.189624786376953,17.0
2023-02-03T12:00:00,12,86,3265A,宝山庙行,上海市,shanghai,121.432,31.332,o3,50.66347885131836,47.90217208862305,46.0
2023-02-03T12:00:00,12,87,3266A,崇明上实东滩,上海市,shanghai,121.879,31.466,pm25,36.26897430419922,9.296428680419922,9.0
2023-02-03T12:00:00,12,87,3266A,崇明上实东滩,上海市,shanghai,121.879,31.466,o3,66.04227447509766,70.5451431274414,67.0
2023-02-03T12:00:00,12,88,3268A,嘉定南翔,上海市,shanghai,121.316,31.284,pm25,35.50056838989258,18.19024085998535,13.0
2023-02-03T12:00:00,12,88,3268A,嘉定南翔,上海市,shanghai,121.316,31.284,o3,49.293128967285156,47.86425018310547,48.0
2023-02-03T12:00:00,12,89,3269A,金山新城,上海市,shanghai,121.336,30.746,pm25,33.287715911865234,17.17705726623535,14.0
2023-02-03T12:00:00,12,89,3269A,金山新城,上海市,shanghai,121.336,30.746,o3,53.6691780090332,56.679107666015625,64.0
2023-02-03T12:00:00,12,90,3270A,闵行浦江,上海市,shanghai,121.5,31.074,pm25,33.683284759521484,14.213968276977539,13.0
2023-02-03T12:00:00,12,90,3270A,闵行浦江,上海市,shanghai,121.5,31.074,o3,52.61043167114258,54.717864990234375,58.0
2023-02-03T12:00:00,12,91,3271A,青浦徐泾,上海市,shanghai,121.289,31.166,pm25,37.156044006347656,23.153884887695312,15.0
2023-02-03T12:00:00,12,91,3271A,青浦徐泾,上海市,shanghai,121.289,31.166,o3,49.458885192871094,48.834808349609375,51.0
2023-02-03T12:00:00,12,92,3272A,松江图书馆,上海市,shanghai,121.219,31.038,pm25,34.57466506958008,21.147563934326172,15.0
2023-02-03T12:00:00,12,92,3272A,松江图书馆,上海市,shanghai,121.219,31.038,o3,38.37309265136719,20.514808654785156,38.0
2023-02-03T12:00:00,12,93,3273A,长宁仙霞,上海市,shanghai,121.39,31.206,pm25,34.778465270996094,17.193260192871094,11.0
2023-02-03T12:00:00,12,93,3273A,长宁仙霞,上海市,shanghai,121.39,31.206,o3,51.18012237548828,55.644256591796875,59.0
2023-02-03T12:00:00,12,94,3274A,浦东惠南,上海市,shanghai,121.796,31.051,pm25,35.00617218017578,12.250091552734375,12.0
2023-02-03T12:00:00,12,94,3274A,浦东惠南,上海市,shanghai,121.796,31.051,o3,56.38429641723633,67.37995147705078,66.0
2023-02-03T12:00:00,12,95,3287A,富润路1号,镇江市,zhenjiang,119.384,32.198,pm25,67.95751190185547,36.34739685058594,44.0
2023-02-03T12:00:00,12,95,3287A,富润路1号,镇江市,zhenjiang,119.384,32.198,o3,39.09593200683594,70.67011260986328,41.0
2023-02-03T12:00:00,12,96,3289A,方洲路,苏州市,suzhou,120.743,31.319,pm25,40.069183349609375,21.207292556762695,23.0
2023-02-03T12:00:00,12,96,3289A,方洲路,苏州市,suzhou,120.743,31.319,o3,41.62016296386719,26.495800018310547,17.0
2023-02-03T12:00:00,12,97,3290A,木渎中学,苏州市,suzhou,120.503,31.277,pm25,45.928428649902344,27.20576286315918,28.0
2023-02-03T12:00:00,12,97,3290A,木渎中学,苏州市,suzhou,120.503,31.277,o3,42.48670196533203,47.77118682861328,38.0
2023-02-03T12:00:00,12,98,3291A,通州监测站,南通市,nantong,121.067,32.062,pm25,36.06602096557617,14.239870071411133,24.0
2023-02-03T12:00:00,12,98,3291A,通州监测站,南通市,nantong,121.067,32.062,o3,66.32786560058594,79.30398559570312,72.0
2023-02-03T12:00:00,12,99,3294A,引江管理处,扬州市,yangzhou,119.565,32.422,pm25,65.43102264404297,38.29819107055664,40.0
2023-02-03T12:00:00,12,99,3294A,引江管理处,扬州市,yangzhou,119.565,32.422,o3,40.37287902832031,59.13283157348633,49.0
2023-02-03T12:00:00,12,100,3295A,姜堰区政府广场,泰州市,taizhou,120.126,32.51,pm25,48.466758728027344,29.21161460876465,48.0
2023-02-03T12:00:00,12,100,3295A,姜堰区政府广场,泰州市,taizhou,120.126,32.51,o3,55.68082046508789,72.13951873779297,62.0
2023-02-03T12:00:00,12,101,3407A,秀洲住建,嘉兴市,jiaxing,120.692,30.774,pm25,44.572696685791016,27.191024780273438,29.0
2023-02-03T12:00:00,12,101,3407A,秀洲住建,嘉兴市,jiaxing,120.692,30.774,o3,43.49701690673828,25.54364776611328,15.000003814697266
2023-02-03T12:00:00,12,102,3408A,绍兴中专,绍兴市,shaoxing,120.568,29.936,pm25,53.86244583129883,36.194175720214844,45.0
2023-02-03T12:00:00,12,102,3408A,绍兴中专,绍兴市,shaoxing,120.568,29.936,o3,43.67071533203125,27.480403900146484,7.999996185302734
2023-02-03T12:00:00,12,103,3409A,柯桥区政府,绍兴市,shaoxing,120.491,30.086,pm25,52.58361053466797,30.24549674987793,29.0
2023-02-03T12:00:00,12,103,3409A,柯桥区政府,绍兴市,shaoxing,120.491,30.086,o3,36.21528625488281,33.06991958618164,29.0
2023-02-03T12:00:00,12,104,3410A,重华小学,绍兴市,shaoxing,120.875,30.025,pm25,44.07781982421875,32.13129425048828,33.0
2023-02-03T12:00:00,12,104,3410A,重华小学,绍兴市,shaoxing,120.875,30.025,o3,54.454071044921875,45.16633224487305,45.0
2023-02-03T12:00:00,12,105,3411A,上虞中学,绍兴市,shaoxing,120.837,30.014,pm25,42.82855224609375,28.16119384765625,24.0
2023-02-03T12:00:00,12,105,3411A,上虞中学,绍兴市,shaoxing,120.837,30.014,o3,50.96320724487305,46.03569793701172,50.0
2023-02-03T12:00:00,12,106,3422A,江宁彩虹桥,南京市,nanjing,118.844,31.92,pm25,80.96662902832031,34.510555267333984,39.0
2023-02-03T12:00:00,12,106,3422A,江宁彩虹桥,南京市,nanjing,118.844,31.92,o3,29.09420394897461,58.83341598510742,49.0
2023-02-03T12:00:00,12,107,3423A,溧水永阳,南京市,nanjing,119.014,31.649,pm25,76.30291748046875,41.38376235961914,43.0
2023-02-03T12:00:00,12,107,3423A,溧水永阳,南京市,nanjing,119.014,31.649,o3,40.627933502197266,58.186622619628906,49.0
2023-02-03T12:00:00,12,108,3424A,高淳老职中,南京市,nanjing,118.879,31.33,pm25,79.14875793457031,47.3494758605957,47.0
2023-02-03T12:00:00,12,108,3424A,高淳老职中,南京市,nanjing,118.879,31.33,o3,42.6623420715332,51.48111343383789,48.0
2023-02-03T12:00:00,12,109,3425A,越秀幼儿园,苏州市,suzhou,120.624,31.173,pm25,43.67390060424805,22.235607147216797,24.0
2023-02-03T12:00:00,12,109,3425A,越秀幼儿园,苏州市,suzhou,120.624,31.173,o3,41.938140869140625,42.92613983154297,34.0
2023-02-03T12:00:00,12,110,3427A,六合雄州,南京市,nanjing,118.855,32.358,pm25,80.62542724609375,42.41987991333008,56.0
2023-02-03T12:00:00,12,110,3427A,六合雄州,南京市,nanjing,118.855,32.358,o3,27.871665954589844,28.854419708251953,23.0
2023-02-03T12:00:00,12,111,3428A,华庄,无锡市,wuxi,120.314,31.475,pm25,48.455589294433594,22.287586212158203,23.0
2023-02-03T12:00:00,12,111,3428A,华庄,无锡市,wuxi,120.314,31.475,o3,36.363189697265625,44.66569137573242,46.0
2023-02-03T12:00:00,12,112,3429A,武进经发区,常州市,changzhou,119.86,31.707,pm25,55.16786193847656,35.219234466552734,34.0
2023-02-03T12:00:00,12,112,3429A,武进经发区,常州市,changzhou,119.86,31.707,o3,39.64862823486328,58.229408264160156,51.0
2023-02-03T12:00:00,12,113,3430A,金坛城区,常州市,changzhou,119.583,31.724,pm25,66.52964782714844,52.15794372558594,48.0
2023-02-03T12:00:00,12,113,3430A,金坛城区,常州市,changzhou,119.583,31.724,o3,39.681060791015625,51.4684944152832,53.0
2023-02-03T12:00:00,12,114,3431A,高铁新城,苏州市,suzhou,120.65,31.416,pm25,42.09292221069336,25.185810089111328,29.0
2023-02-03T12:00:00,12,114,3431A,高铁新城,苏州市,suzhou,120.65,31.416,o3,43.15121078491211,30.402061462402344,5.0
2023-02-03T12:00:00,12,115,3432A,环境教育馆,南通市,nantong,120.935,31.988,pm25,38.373382568359375,25.14537811279297,21.0
2023-02-03T12:00:00,12,115,3432A,环境教育馆,南通市,nantong,120.935,31.988,o3,60.275489807128906,61.74897384643555,59.0
2023-02-03T12:00:00,12,116,3435A,周山河街区,泰州市,taizhou,119.919,32.432,pm25,56.98191833496094,52.05415725708008,81.0
2023-02-03T12:00:00,12,116,3435A,周山河街区,泰州市,taizhou,119.919,32.432,o3,49.02812957763672,57.4658203125,44.0
2023-02-03T12:00:00,12,117,3544A,奉贤南桥新城,上海市,shanghai,121.489,30.925,pm25,33.36975860595703,15.199689865112305,12.0
2023-02-03T12:00:00,12,117,3544A,奉贤南桥新城,上海市,shanghai,121.489,30.925,o3,49.06374740600586,52.687767028808594,62.0
2023-02-03T12:00:00,12,118,3557A,镇二中,杭州市,hangzhou,119.946,30.049,pm25,65.03253173828125,45.21776580810547,46.0
2023-02-03T12:00:00,12,118,3557A,镇二中,杭州市,hangzhou,119.946,30.049,o3,33.6008186340332,25.498497009277344,22.0
2023-02-03T12:00:00,12,119,3558A,市府大楼,杭州市,hangzhou,119.718,30.237,pm25,63.970184326171875,42.238826751708984,44.0
2023-02-03T12:00:00,12,119,3558A,市府大楼,杭州市,hangzhou,119.718,30.237,o3,41.23969650268555,41.16546630859375,38.0
2023-02-03T12:00:00,12,120,3560A,柯桥妇保,绍兴市,shaoxing,120.472,30.042,pm25,59.89732360839844,41.20542526245117,43.0
2023-02-03T12:00:00,12,120,3560A,柯桥妇保,绍兴市,shaoxing,120.472,30.042,o3,38.45808792114258,35.063934326171875,15.000003814697266
2023-02-03T12:00:00,12,121,3562A,南浔区站,湖州市,huzhou,120.415,30.854,pm25,48.60337448120117,34.158748626708984,34.0
2023-02-03T12:00:00,12,121,3562A,南浔区站,湖州市,huzhou,120.415,30.854,o3,42.1850700378418,39.97787857055664,27.0
2023-02-03T12:00:00,12,122,3564A,台州科技职业学院,台州市,taizhou,121.257,28.668,pm25,43.88823699951172,25.205326080322266,29.0
2023-02-03T12:00:00,12,122,3564A,台州科技职业学院,台州市,taizhou,121.257,28.668,o3,68.18451690673828,55.10438537597656,54.0
2023-02-03T12:00:00,12,123,3656A,消防大队,杭州市,hangzhou,120.156,30.286,pm25,67.61510467529297,55.13713455200195,55.0
2023-02-03T12:00:00,12,123,3656A,消防大队,杭州市,hangzhou,120.156,30.286,o3,34.43280029296875,24.55554962158203,28.0
2023-02-03T12:00:00,12,124,3658A,袍江中学,绍兴市,shaoxing,120.615,30.076,pm25,49.824058532714844,31.204627990722656,27.0
2023-02-03T12:00:00,12,124,3658A,袍江中学,绍兴市,shaoxing,120.615,30.076,o3,47.877376556396484,50.78016662597656,45.0
2023-02-03T12:00:00,12,125,3710A,白沙活动中心,宁波市,ningbo,121.559,29.898,pm25,35.441715240478516,19.17873191833496,18.0
2023-02-03T12:00:00,12,125,3710A,白沙活动中心,宁波市,ningbo,121.559,29.898,o3,54.68517303466797,49.150978088378906,36.0
2023-02-03T12:00:00,12,126,4033A,普陀东港中学,舟山市,zhoushan,122.312,29.962,pm25,29.910680770874023,11.205570220947266,14.0
2023-02-03T12:00:00,12,126,4033A,普陀东港中学,舟山市,zhoushan,122.312,29.962,o3,64.4502944946289,69.62405395507812,66.0
2023-02-03T18:00:00,18,0,1141A,普陀,上海市,shanghai,121.4,31.238,pm25,46.39955139160156,34.867591857910156,16.0
2023-02-03T18:00:00,18,0,1141A,普陀,上海市,shanghai,121.4,31.238,o3,35.34772872924805,59.00732421875,37.0
2023-02-03T18:00:00,18,1,1142A,十五厂,上海市,shanghai,121.478,31.204,pm25,46.33311462402344,36.216712951660156,10.0
2023-02-03T18:00:00,18,1,1142A,十五厂,上海市,shanghai,121.478,31.204,o3,32.86439514160156,61.75078582763672,33.0
2023-02-03T18:00:00,18,2,1143A,虹口,上海市,shanghai,121.467,31.301,pm25,47.161033630371094,35.355621337890625,17.0
2023-02-03T18:00:00,18,2,1143A,虹口,上海市,shanghai,121.467,31.301,o3,29.645572662353516,53.142723083496094,29.0
2023-02-03T18:00:00,18,3,1144A,徐汇上师大,上海市,shanghai,121.412,31.165,pm25,46.67542266845703,37.37153625488281,6.999998092651367
2023-02-03T18:00:00,18,3,1144A,徐汇上师大,上海市,shanghai,121.412,31.165,o3,27.701679229736328,53.23572540283203,41.0
2023-02-03T18:00:00,18,4,1145A,杨浦四漂,上海市,shanghai,121.536,31.266,pm25,46.16637420654297,34.979984283447266,12.0
2023-02-03T18:00:00,18,4,1145A,杨浦四漂,上海市,shanghai,121.536,31.266,o3,33.03676986694336,57.073211669921875,25.0
2023-02-03T18:00:00,18,5,1147A,静安监测站,上海市,shanghai,121.425,31.226,pm25,46.03693389892578,36.30752182006836,15.0
2023-02-03T18:00:00,18,5,1147A,静安监测站,上海市,shanghai,121.425,31.226,o3,33.930091857910156,61.85565948486328,37.0
2023-02-03T18:00:00,18,6,1148A,浦东川沙,上海市,shanghai,121.703,31.191,pm25,48.123558044433594,36.67458724975586,11.0
2023-02-03T18:00:00,18,6,1148A,浦东川沙,上海市,shanghai,121.703,31.191,o3,35.03692626953125,67.10874938964844,41.0
2023-02-03T18:00:00,18,7,1149A,浦东新区监测站,上海市,shanghai,121.533,31.228,pm25,46.11381149291992,35.41081619262695,17.0
2023-02-03T18:00:00,18,7,1149A,浦东新区监测站,上海市,shanghai,121.533,31.228,o3,32.589820861816406,61.08921813964844,27.0
2023-02-03T18:00:00,18,8,1150A,浦东张江,上海市,shanghai,121.577,31.207,pm25,45.65723419189453,34.96412658691406,6.999998092651367
2023-02-03T18:00:00,18,8,1150A,浦东张江,上海市,shanghai,121.577,31.207,o3,28.514842987060547,54.067203521728516,41.0
2023-02-03T18:00:00,18,9,1151A,迈皋桥,南京市,nanjing,118.809,32.106,pm25,98.71231079101562,44.0635986328125,41.0
2023-02-03T18:00:00,18,9,1151A,迈皋桥,南京市,nanjing,118.809,32.106,o3,13.881526947021484,20.221405029296875,4.0
2023-02-03T18:00:00,18,10,1152A,草场门,南京市,nanjing,118.754,32.055,pm25,99.68144989013672,43.23286437988281,39.0
2023-02-03T18:00:00,18,10,1152A,草场门,南京市,nanjing,118.754,32.055,o3,13.697952270507812,23.141727447509766,13.999996185302734
2023-02-03T18:00:00,18,11,1153A,山西路,南京市,nanjing,118.779,32.074,pm25,102.95584106445312,48.26384353637695,46.0
2023-02-03T18:00:00,18,11,1153A,山西路,南京市,nanjing,118.779,32.074,o3,14.73171615600586,27.891178131103516,5.0
2023-02-03T18:00:00,18,12,1154A,中华门,南京市,nanjing,118.775,32.002,pm25,100.54084014892578,45.260475158691406,41.0
2023-02-03T18:00:00,18,12,1154A,中华门,南京市,nanjing,118.775,32.002,o3,13.796756744384766,21.877613067626953,2.0
2023-02-03T18:00:00,18,13,1155A,瑞金路,南京市,nanjing,118.811,32.031,pm25,102.02532958984375,46.27549743652344,39.0
2023-02-03T18:00:00,18,13,1155A,瑞金路,南京市,nanjing,118.811,32.031,o3,13.71536636352539,23.701614379882812,20.0
2023-02-03T18:00:00,18,14,1156A,玄武湖,南京市,nanjing,118.8,32.075,pm25,100.8507308959961,46.48761749267578,44.0
2023-02-03T18:00:00,18,14,1156A,玄武湖,南京市,nanjing,118.8,32.075,o3,13.18661117553711,24.964035034179688,7.999996185302734
2023-02-03T18:00:00,18,15,1157A,浦口,南京市,nanjing,118.641,32.093,pm25,95.41033935546875,40.89727783203125,36.0
2023-02-03T18:00:00,18,15,1157A,浦口,南京市,nanjing,118.641,32.093,o3,15.611637115478516,29.427616119384766,4.0
2023-02-03T18:00:00,18,16,1158A,奥体中心,南京市,nanjing,118.736,32.0,pm25,104.32704162597656,48.37446594238281,46.0
2023-02-03T18:00:00,18,16,1158A,奥体中心,南京市,nanjing,118.736,32.0,o3,14.587181091308594,24.10773468017578,7.999996185302734
2023-02-03T18:00:00,18,17,1159A,仙林大学城,南京市,nanjing,118.912,32.103,pm25,100.327392578125,50.642578125,51.0
2023-02-03T18:00:00,18,17,1159A,仙林大学城,南京市,nanjing,118.912,32.103,o3,15.716903686523438,27.895065307617188,18.0
2023-02-03T18:00:00,18,18,1160A,上方山,苏州市,suzhou,120.561,31.247,pm25,55.52332305908203,42.38991165161133,29.0
2023-02-03T18:00:00,18,18,1160A,上方山,苏州市,suzhou,120.561,31.247,o3,18.339115142822266,28.834354400634766,13.0
2023-02-03T18:00:00,18,19,1162A,彩香,苏州市,suzhou,120.591,31.302,pm25,56.09071350097656,42.56745910644531,31.0
2023-02-03T18:00:00,18,19,1162A,彩香,苏州市,suzhou,120.591,31.302,o3,20.357421875,33.65480422973633,9.000003814697266
2023-02-03T18:00:00,18,20,1163A,轧钢厂,苏州市,suzhou,120.596,31.326,pm25,53.5179443359375,37.800907135009766,23.0
2023-02-03T18:00:00,18,20,1163A,轧钢厂,苏州市,suzhou,120.596,31.326,o3,19.032756805419922,30.762081146240234,4.0
2023-02-03T18:00:00,18,21,1164A,吴中区,苏州市,suzhou,120.613,31.27,pm25,54.909912109375,41.52131271362305,28.0
2023-02-03T18:00:00,18,21,1164A,吴中区,苏州市,suzhou,120.613,31.27,o3,19.806224822998047,30.59735107421875,19.0
2023-02-03T18:00:00,18,22,1165A,苏州新区,苏州市,suzhou,120.543,31.299,pm25,57.9263916015625,44.671287536621094,28.0
2023-02-03T18:00:00,18,22,1165A,苏州新区,苏州市,suzhou,120.543,31.299,o3,18.398536682128906,31.162261962890625,7.0
2023-02-03T18:00:00,18,23,1166A,苏州工业园区,苏州市,suzhou,120.669,31.31,pm25,50.73251724243164,41.13046646118164,31.0
2023-02-03T18:00:00,18,23,1166A,苏州工业园区,苏州市,suzhou,120.669,31.31,o3,25.21460723876953,42.302879333496094,21.0
2023-02-03T18:00:00,18,24,1167A,相城区,苏州市,suzhou,120.641,31.371,pm25,53.9400520324707,42.99566650390625,25.0
2023-02-03T18:00:00,18,24,1167A,相城区,苏州市,suzhou,120.641,31.371,o3,20.723541259765625,38.90496826171875,21.0
2023-02-03T18:00:00,18,25,1168A,狼山街道,南通市,nantong,120.91,31.966,pm25,55.248634338378906,45.178707122802734,27.0
2023-02-03T18:00:00,18,25,1168A,狼山街道,南通市,nantong,120.91,31.966,o3,26.600914001464844,46.56101989746094,29.0
2023-02-03T18:00:00,18,26,1169A,虹桥,南通市,nantong,120.86,32.001,pm25,54.373409271240234,42.69997787475586,20.0
2023-02-03T18:00:00,18,26,1169A,虹桥,南通市,nantong,120.86,32.001,o3,26.100196838378906,44.66761016845703,54.0
2023-02-03T18:00:00,18,27,1170A,城中,南通市,nantong,120.87,32.02,pm25,53.699493408203125,40.9542236328125,22.0
2023-02-03T18:00:00,18,27,1170A,城中,南通市,nantong,120.87,32.02,o3,26.433868408203125,48.45179748535156,49.0
2023-02-03T18:00:00,18,28,1171A,星湖花园,南通市,nantong,120.94,31.93,pm25,52.17699432373047,42.68558120727539,24.0
2023-02-03T18:00:00,18,28,1171A,星湖花园,南通市,nantong,120.94,31.93,o3,26.217876434326172,47.68979263305664,21.0
2023-02-03T18:00:00,18,29,1172A,紫琅学院,南通市,nantong,120.81,32.042,pm25,53.419288635253906,41.00209426879883,29.0
2023-02-03T18:00:00,18,29,1172A,紫琅学院,南通市,nantong,120.81,32.042,o3,21.792766571044922,37.812461853027344,28.0
2023-02-03T18:00:00,18,30,1186A,邗江监测站,扬州市,yangzhou,119.389,32.376,pm25,97.66112518310547,57.840782165527344,86.0
2023-02-03T18:00:00,18,30,1186A,邗江监测站,扬州市,yangzhou,119.389,32.376,o3,17.78281021118164,30.992050170898438,10.0
2023-02-03T18:00:00,18,31,1188A,雪浪,无锡市,wuxi,120.269,31.487,pm25,55.90019989013672,38.64440155029297,27.0
2023-02-03T18:00:00,18,31,1188A,雪浪,无锡市,wuxi,120.269,31.487,o3,20.528053283691406,37.65193176269531,1.0
2023-02-03T18:00:00,18,32,1189A,黄巷,无锡市,wuxi,120.275,31.622,pm25,60.97459411621094,44.17582702636719,27.0
2023-02-03T18:00:00,18,32,1189A,黄巷,无锡市,wuxi,120.275,31.622,o3,19.145694732666016,33.33734893798828,13.0
2023-02-03T18:00:00,18,33,1190A,曹张,无锡市,wuxi,120.294,31.56,pm25,58.212608337402344,40.594879150390625,22.0
2023-02-03T18:00:00,18,33,1190A,曹张,无锡市,wuxi,120.294,31.56,o3,19.080944061279297,34.13180160522461,25.0
2023-02-03T18:00:00,18,34,1191A,漆塘,无锡市,wuxi,120.242,31.503,pm25,56.965301513671875,38.59520721435547,22.0
2023-02-03T18:00:00,18,34,1191A,漆塘,无锡市,wuxi,120.242,31.503,o3,21.342205047607422,39.81503677368164,13.0
2023-02-03T18:00:00,18,35,1192A,东亭,无锡市,wuxi,120.349,31.586,pm25,60.732261657714844,44.51772689819336,24.0
2023-02-03T18:00:00,18,35,1192A,东亭,无锡市,wuxi,120.349,31.586,o3,17.75006866455078,32.06733703613281,20.0
2023-02-03T18:00:00,18,36,1193A,旺庄,无锡市,wuxi,120.354,31.548,pm25,61.216026306152344,45.33488845825195,24.0
2023-02-03T18:00:00,18,36,1193A,旺庄,无锡市,wuxi,120.354,31.548,o3,17.61248779296875,33.062843322753906,15.000003814697266
2023-02-03T18:00:00,18,37,1194A,荣巷,无锡市,wuxi,120.245,31.563,pm25,57.173622131347656,40.54196548461914,31.0
2023-02-03T18:00:00,18,37,1194A,荣巷,无锡市,wuxi,120.245,31.563,o3,22.001583099365234,40.354549407958984,9.000003814697266
2023-02-03T18:00:00,18,38,1195A,堰桥,无锡市,wuxi,120.299,31.682,pm25,61.58381652832031,44.620216369628906,29.0
2023-02-03T18:00:00,18,38,1195A,堰桥,无锡市,wuxi,120.299,31.682,o3,18.649200439453125,32.708465576171875,17.0
2023-02-03T18:00:00,18,39,1196A,市监测站,常州市,changzhou,119.963,31.762,pm25,67.53440856933594,48.96327209472656,38.0
2023-02-03T18:00:00,18,39,1196A,市监测站,常州市,changzhou,119.963,31.762,o3,22.632843017578125,28.582847595214844,7.999996185302734
2023-02-03T18:00:00,18,40,1200A,武进监测站,常州市,changzhou,119.947,31.707,pm25,69.98756408691406,52.45945358276367,33.0
2023-02-03T18:00:00,18,40,1200A,武进监测站,常州市,changzhou,119.947,31.707,o3,23.29165267944336,32.30120086669922,5.0
2023-02-03T18:00:00,18,41,1201A,安家,常州市,changzhou,119.926,31.909,pm25,74.26612854003906,56.34812927246094,52.0
2023-02-03T18:00:00,18,41,1201A,安家,常州市,changzhou,119.926,31.909,o3,21.919639587402344,27.785316467285156,4.0
2023-02-03T18:00:00,18,42,1203A,新区办事处,镇江市,zhenjiang,119.671,32.188,pm25,85.7833251953125,62.46397399902344,64.0
2023-02-03T18:00:00,18,42,1203A,新区办事处,镇江市,zhenjiang,119.671,32.188,o3,22.382694244384766,28.246288299560547,23.0
2023-02-03T18:00:00,18,43,1204A,职教中心,镇江市,zhenjiang,119.497,32.197,pm25,89.50028228759766,58.631011962890625,74.0
2023-02-03T18:00:00,18,43,1204A,职教中心,镇江市,zhenjiang,119.497,32.197,o3,20.555206298828125,29.044445037841797,2.0
2023-02-03T18:00:00,18,44,1205A,丹徒区监测站,镇江市,zhenjiang,119.43,32.133,pm25,92.08088684082031,62.44086456298828,56.0
2023-02-03T18:00:00,18,44,1205A,丹徒区监测站,镇江市,zhenjiang,119.43,32.133,o3,18.36661148071289,27.77129364013672,16.0
2023-02-03T18:00:00,18,45,1206A,公园路,泰州市,taizhou,119.905,32.488,pm25,80.22638702392578,52.46245574951172,34.0
2023-02-03T18:00:00,18,45,1206A,公园路,泰州市,taizhou,119.905,32.488,o3,22.78200912475586,36.35051727294922,58.0
2023-02-03T18:00:00,18,46,1207A,莲花,泰州市,taizhou,119.919,32.462,pm25,82.17245483398438,56.03716278076172,56.0
2023-02-03T18:00:00,18,46,1207A,莲花,泰州市,taizhou,119.919,32.462,o3,24.825580596923828,39.61520004272461,50.0
2023-02-03T18:00:00,18,47,1209A,留学生创业园,泰州市,taizhou,119.888,32.464,pm25,81.16561126708984,51.66458511352539,42.0
2023-02-03T18:00:00,18,47,1209A,留学生创业园,泰州市,taizhou,119.888,32.464,o3,23.010719299316406,37.38102722167969,53.0
2023-02-03T18:00:00,18,48,1223A,滨江,杭州市,hangzhou,120.207,30.211,pm25,64.09861755371094,43.06657409667969,36.0
2023-02-03T18:00:00,18,48,1223A,滨江,杭州市,hangzhou,120.207,30.211,o3,20.773136138916016,38.22336959838867,21.0
2023-02-03T18:00:00,18,49,1224A,西溪,杭州市,hangzhou,120.063,30.275,pm25,69.64735412597656,44.431392669677734,44.0
2023-02-03T18:00:00,18,49,1224A,西溪,杭州市,hangzhou,120.063,30.275,o3,14.682449340820312,24.959278106689453,3.0000038146972656
2023-02-03T18:00:00,18,50,1226A,下沙,杭州市,hangzhou,120.346,30.315,pm25,64.2647476196289,44.55970764160156,37.0
2023-02-03T18:00:00,18,50,1226A,下沙,杭州市,hangzhou,120.346,30.315,o3,23.216110229492188,37.43830108642578,25.0
2023-02-03T18:00:00,18,51,1227A,卧龙桥,杭州市,hangzhou,120.127,30.246,pm25,67.36681365966797,43.81200408935547,40.0
2023-02-03T18:00:00,18,51,1227A,卧龙桥,杭州市,hangzhou,120.127,30.246,o3,17.22549819946289,32.602176666259766,4.0
2023-02-03T18:00:00,18,52,1228A,浙江农大,杭州市,hangzhou,120.19,30.269,pm25,67.26545715332031,45.10636901855469,41.0
2023-02-03T18:00:00,18,52,1228A,浙江农大,杭州市,hangzhou,120.19,30.269,o3,23.44481658935547,39.26352310180664,26.0
2023-02-03T18:00:00,18,53,1230A,和睦小学,杭州市,hangzhou,120.12,30.312,pm25,74.1656494140625,50.83754348754883,63.0
2023-02-03T18:00:00,18,53,1230A,和睦小学,杭州市,hangzhou,120.12,30.312,o3,16.567218780517578,25.727874755859375,9.000003814697266
2023-02-03T18:00:00,18,54,1231A,临平镇,杭州市,hangzhou,120.302,30.418,pm25,62.06121063232422,44.815460205078125,31.0
2023-02-03T18:00:00,18,54,1231A,临平镇,杭州市,hangzhou,120.302,30.418,o3,23.88265609741211,32.863346099853516,27.0
2023-02-03T18:00:00,18,55,1232A,城厢镇,杭州市,hangzhou,120.27,30.182,pm25,69.58509826660156,49.76615524291992,34.0
2023-02-03T18:00:00,18,55,1232A,城厢镇,杭州市,hangzhou,120.27,30.182,o3,21.065811157226562,38.258079528808594,22.0
2023-02-03T18:00:00,18,56,1233A,云栖,杭州市,hangzhou,120.088,30.181,pm25,63.865562438964844,38.14099884033203,33.0
2023-02-03T18:00:00,18,56,1233A,云栖,杭州市,hangzhou,120.088,30.181,o3,15.770503997802734,27.224140167236328,9.000003814697266
2023-02-03T18:00:00,18,57,1234A,区环保大楼,宁波市,ningbo,121.836,29.911,pm25,47.55406951904297,29.198740005493164,15.0
2023-02-03T18:00:00,18,57,1234A,区环保大楼,宁波市,ningbo,121.836,29.911,o3,34.308349609375,54.30365753173828,38.0
2023-02-03T18:00:00,18,58,1235A,万里学院,宁波市,ningbo,121.56,29.82,pm25,49.768184661865234,33.699058532714844,24.0
2023-02-03T18:00:00,18,58,1235A,万里学院,宁波市,ningbo,121.56,29.82,o3,33.17748260498047,51.57948684692383,4.0
2023-02-03T18:00:00,18,59,1236A,龙赛医院,宁波市,ningbo,121.713,29.957,pm25,48.065093994140625,31.644241333007812,11.0
2023-02-03T18:00:00,18,59,1236A,龙赛医院,宁波市,ningbo,121.713,29.957,o3,38.73832702636719,60.37522888183594,45.0
2023-02-03T18:00:00,18,60,1239A,钱湖水厂,宁波市,ningbo,121.633,29.773,pm25,47.183433532714844,31.530521392822266,22.0
2023-02-03T18:00:00,18,60,1239A,钱湖水厂,宁波市,ningbo,121.633,29.773,o3,44.0319709777832,64.7952651977539,27.0
2023-02-03T18:00:00,18,61,1240A,太古小学,宁波市,ningbo,121.586,29.864,pm25,48.95359802246094,33.6833610534668,17.0
2023-02-03T18:00:00,18,61,1240A,太古小学,宁波市,ningbo,121.586,29.864,o3,30.590465545654297,48.05486297607422,9.000003814697266
2023-02-03T18:00:00,18,62,1241A,市环境监测中心,宁波市,ningbo,121.524,29.867,pm25,46.197975158691406,28.437557220458984,17.0
2023-02-03T18:00:00,18,62,1241A,市环境监测中心,宁波市,ningbo,121.524,29.867,o3,29.08481216430664,49.70545959472656,1.0
2023-02-03T18:00:00,18,63,1247A,城东开发委,绍兴市,shaoxing,120.605,29.993,pm25,55.51673889160156,41.13838195800781,20.0
2023-02-03T18:00:00,18,63,1247A,城东开发委,绍兴市,shaoxing,120.605,29.993,o3,31.30590057373047,48.81884002685547,27.0
2023-02-03T18:00:00,18,64,1250A,城西水厂,湖州市,huzhou,120.075,30.867,pm25,57.442970275878906,37.838836669921875,39.0
2023-02-03T18:00:00,18,64,1250A,城西水厂,湖州市,huzhou,120.075,30.867,o3,24.629047393798828,37.27608871459961,6.0
2023-02-03T18:00:00,18,65,1252A,清河小学,嘉兴市,jiaxing,120.744,30.778,pm25,49.48078536987305,40.8490104675293,18.0
2023-02-03T18:00:00,18,65,1252A,清河小学,嘉兴市,jiaxing,120.744,30.778,o3,28.707294464111328,50.016639709472656,39.0
2023-02-03T18:00:00,18,66,1253A,嘉兴学院,嘉兴市,jiaxing,120.726,30.748,pm25,48.8165283203125,38.72332000732422,18.0
2023-02-03T18:00:00,18,66,1253A,嘉兴学院,嘉兴市,jiaxing,120.726,30.748,o3,32.81744384765625,54.71111297607422,34.0
2023-02-03T18:00:00,18,67,1255A,黄岩环保大楼,台州市,taizhou,121.273,28.646,pm25,48.77157974243164,27.092945098876953,27.0
2023-02-03T18:00:00,18,67,1255A,黄岩环保大楼,台州市,taizhou,121.273,28.646,o3,37.1015739440918,51.33717727661133,42.0
2023-02-03T18:00:00,18,68,1256A,台州环保大楼,台州市,taizhou,121.419,28.654,pm25,54.440696716308594,32.074764251708984,30.0
2023-02-03T18:00:00,18,68,1256A,台州环保大楼,台州市,taizhou,121.419,28.654,o3,39.39268493652344,51.87247085571289,45.0
2023-02-03T18:00:00,18,69,1257A,路桥田洋王,台州市,taizhou,121.377,28.577,pm25,57.45999526977539,32.97317123413086,32.0
2023-02-03T18:00:00,18,69,1257A,路桥田洋王,台州市,taizhou,121.377,28.577,o3,31.450214385986328,40.32472610473633,45.0
2023-02-03T18:00:00,18,70,1258A,定海檀枫,舟山市,zhoushan,122.122,30.02,pm25,42.190025329589844,25.120670318603516,9.0
2023-02-03T18:00:00,18,70,1258A,定海檀枫,舟山市,zhoushan,122.122,30.02,o3,48.77772521972656,77.75044250488281,62.0
2023-02-03T18:00:00,18,71,1259A,普陀东港,舟山市,zhoushan,122.309,29.956,pm25,37.77143096923828,24.733753204345703,10.0
2023-02-03T18:00:00,18,71,1259A,普陀东港,舟山市,zhoushan,122.309,29.956,o3,62.29562759399414,94.16622924804688,70.0
2023-02-03T18:00:00,18,72,1260A,临城新区,舟山市,zhoushan,122.19,29.994,pm25,40.7124137878418,26.553674697875977,11.0
2023-02-03T18:00:00,18,72,1260A,临城新区,舟山市,zhoushan,122.19,29.994,o3,54.13514709472656,83.11032104492188,57.0
2023-02-03T18:00:00,18,73,2869A,五台山医院,扬州市,yangzhou,119.447,32.416,pm25,96.10603332519531,56.465301513671875,70.0
2023-02-03T18:00:00,18,73,2869A,五台山医院,扬州市,yangzhou,119.447,32.416,o3,15.758171081542969,24.806396484375,7.999996185302734
2023-02-03T18:00:00,18,74,2870A,市疾控中心,镇江市,zhenjiang,119.442,32.187,pm25,90.92195129394531,60.01531219482422,73.0
2023-02-03T18:00:00,18,74,2870A,市疾控中心,镇江市,zhenjiang,119.442,32.187,o3,19.29897689819336,29.27437973022461,20.0
2023-02-03T18:00:00,18,75,2871A,万里国际学校,宁波市,ningbo,121.615,29.902,pm25,49.74211120605469,34.091949462890625,28.0
2023-02-03T18:00:00,18,75,2871A,万里国际学校,宁波市,ningbo,121.615,29.902,o3,34.55509567260742,61.81391525268555,20.0
2023-02-03T18:00:00,18,76,2872A,南湖区残联,嘉兴市,jiaxing,120.785,30.752,pm25,49.62799072265625,40.7463264465332,15.0
2023-02-03T18:00:00,18,76,2872A,南湖区残联,嘉兴市,jiaxing,120.785,30.752,o3,32.55112838745117,53.680450439453125,38.0
2023-02-03T18:00:00,18,77,2873A,仁皇山新区,湖州市,huzhou,120.088,30.896,pm25,57.65589141845703,39.43669128417969,39.0
2023-02-03T18:00:00,18,77,2873A,仁皇山新区,湖州市,huzhou,120.088,30.896,o3,25.26962661743164,40.92726135253906,18.0
2023-02-03T18:00:00,18,78,2907A,吴兴区站,湖州市,huzhou,120.184,30.86,pm25,56.48279571533203,41.4284553527832,48.0
2023-02-03T18:00:00,18,78,2907A,吴兴区站,湖州市,huzhou,120.184,30.86,o3,25.447097778320312,41.02863311767578,5.0
2023-02-03T18:00:00,18,79,2921A,树下王站,绍兴市,shaoxing,120.548,30.0,pm25,61.53764343261719,43.62200927734375,27.0
2023-02-03T18:00:00,18,79,2921A,树下王站,绍兴市,shaoxing,120.548,30.0,o3,26.66079330444336,44.68206787109375,34.0
2023-02-03T18:00:00,18,80,2997A,王营,泰州市,taizhou,119.877,32.329,pm25,81.6309814453125,51.99739074707031,48.0
2023-02-03T18:00:00,18,80,2997A,王营,泰州市,taizhou,119.877,32.329,o3,22.7464599609375,32.6010627746582,31.0
2023-02-03T18:00:00,18,81,3002A,行政中心,常州市,changzhou,119.98,31.817,pm25,67.79987335205078,50.41926574707031,36.0
2023-02-03T18:00:00,18,81,3002A,行政中心,常州市,changzhou,119.98,31.817,o3,21.124107360839844,30.468326568603516,6.0
2023-02-03T18:00:00,18,82,3003A,经开区,常州市,changzhou,120.052,31.775,pm25,67.79721069335938,53.463111877441406,32.0
2023-02-03T18:00:00,18,82,3003A,经开区,常州市,changzhou,120.052,31.775,o3,20.69382095336914,25.16144561767578,7.999996185302734
2023-02-03T18:00:00,18,83,3010A,钟楼,常州市,changzhou,119.902,31.796,pm25,69.72607421875,51.01154327392578,40.0
2023-02-03T18:00:00,18,83,3010A,钟楼,常州市,changzhou,119.902,31.796,o3,24.109039306640625,32.438655853271484,4.0
2023-02-03T18:00:00,18,84,3164A,广陵建设局,扬州市,yangzhou,119.469,32.394,pm25,97.20208740234375,59.309932708740234,78.0
2023-02-03T18:00:00,18,84,3164A,广陵建设局,扬州市,yangzhou,119.469,32.394,o3,14.796558380126953,21.15395736694336,17.0
2023-02-03T18:00:00,18,85,3195A,市体育局,扬州市,yangzhou,119.363,32.397,pm25,97.49978637695312,57.62233352661133,98.0
2023-02-03T18:00:00,18,85,3195A,市体育局,扬州市,yangzhou,119.363,32.397,o3,17.382274627685547,29.82663345336914,6.0
2023-02-03T18:00:00,18,86,3265A,宝山庙行,上海市,shanghai,121.432,31.332,pm25,47.12251281738281,36.610408782958984,12.0
2023-02-03T18:00:00,18,86,3265A,宝山庙行,上海市,shanghai,121.432,31.332,o3,29.234230041503906,51.3167839050293,26.0
2023-02-03T18:00:00,18,87,3266A,崇明上实东滩,上海市,shanghai,121.879,31.466,pm25,52.49031066894531,43.03399658203125,36.0
2023-02-03T18:00:00,18,87,3266A,崇明上实东滩,上海市,shanghai,121.879,31.466,o3,35.65306091308594,63.85456848144531,46.0
2023-02-03T18:00:00,18,88,3268A,嘉定南翔,上海市,shanghai,121.316,31.284,pm25,46.850040435791016,34.44725036621094,18.0
2023-02-03T18:00:00,18,88,3268A,嘉定南翔,上海市,shanghai,121.316,31.284,o3,26.637435913085938,47.45655059814453,22.0
2023-02-03T18:00:00,18,89,3269A,金山新城,上海市,shanghai,121.336,30.746,pm25,41.86952209472656,33.914310455322266,16.0
2023-02-03T18:00:00,18,89,3269A,金山新城,上海市,shanghai,121.336,30.746,o3,43.2412223815918,68.6969985961914,48.0
2023-02-03T18:00:00,18,90,3270A,闵行浦江,上海市,shanghai,121.5,31.074,pm25,44.49365234375,34.0939826965332,13.0
2023-02-03T18:00:00,18,90,3270A,闵行浦江,上海市,shanghai,121.5,31.074,o3,34.454158782958984,61.924842834472656,45.0
2023-02-03T18:00:00,18,91,3271A,青浦徐泾,上海市,shanghai,121.289,31.166,pm25,47.880859375,36.15424346923828,14.0
2023-02-03T18:00:00,18,91,3271A,青浦徐泾,上海市,shanghai,121.289,31.166,o3,27.408740997314453,49.38458251953125,37.0
2023-02-03T18:00:00,18,92,3272A,松江图书馆,上海市,shanghai,121.219,31.038,pm25,45.09846115112305,36.035213470458984,13.0
2023-02-03T18:00:00,18,92,3272A,松江图书馆,上海市,shanghai,121.219,31.038,o3,26.200634002685547,54.192298889160156,33.0
2023-02-03T18:00:00,18,93,3273A,长宁仙霞,上海市,shanghai,121.39,31.206,pm25,46.365753173828125,35.3151741027832,14.0
2023-02-03T18:00:00,18,93,3273A,长宁仙霞,上海市,shanghai,121.39,31.206,o3,29.85596466064453,56.131717681884766,39.0
2023-02-03T18:00:00,18,94,3274A,浦东惠南,上海市,shanghai,121.796,31.051,pm25,46.54570770263672,35.23392105102539,11.0
2023-02-03T18:00:00,18,94,3274A,浦东惠南,上海市,shanghai,121.796,31.051,o3,36.12976837158203,69.63142395019531,48.0
2023-02-03T18:00:00,18,95,3287A,富润路1号,镇江市,zhenjiang,119.384,32.198,pm25,93.50328063964844,60.846805572509766,56.0
2023-02-03T18:00:00,18,95,3287A,富润路1号,镇江市,zhenjiang,119.384,32.198,o3,19.33907699584961,30.763290405273438,4.0
2023-02-03T18:00:00,18,96,3289A,方洲路,苏州市,suzhou,120.743,31.319,pm25,50.523109436035156,39.55022430419922,26.0
2023-02-03T18:00:00,18,96,3289A,方洲路,苏州市,suzhou,120.743,31.319,o3,22.169830322265625,38.57510757446289,12.0
2023-02-03T18:00:00,18,97,3290A,木渎中学,苏州市,suzhou,120.503,31.277,pm25,53.94343566894531,39.943328857421875,31.0
2023-02-03T18:00:00,18,97,3290A,木渎中学,苏州市,suzhou,120.503,31.277,o3,22.747665405273438,35.68989562988281,1.0
2023-02-03T18:00:00,18,98,3291A,通州监测站,南通市,nantong,121.067,32.062,pm25,53.44028854370117,45.149539947509766,17.0
2023-02-03T18:00:00,18,98,3291A,通州监测站,南通市,nantong,121.067,32.062,o3,32.56907272338867,53.35560607910156,62.0
2023-02-03T18:00:00,18,99,3294A,引江管理处,扬州市,yangzhou,119.565,32.422,pm25,94.8149185180664,57.007469177246094,65.0
2023-02-03T18:00:00,18,99,3294A,引江管理处,扬州市,yangzhou,119.565,32.422,o3,19.115245819091797,27.90848159790039,35.0
2023-02-03T18:00:00,18,100,3295A,姜堰区政府广场,泰州市,taizhou,120.126,32.51,pm25,78.54229736328125,52.18658447265625,27.0
2023-02-03T18:00:00,18,100,3295A,姜堰区政府广场,泰州市,taizhou,120.126,32.51,o3,23.96820068359375,35.52692413330078,68.0
2023-02-03T18:00:00,18,101,3407A,秀洲住建,嘉兴市,jiaxing,120.692,30.774,pm25,51.03754425048828,41.69636154174805,17.0
2023-02-03T18:00:00,18,101,3407A,秀洲住建,嘉兴市,jiaxing,120.692,30.774,o3,29.045509338378906,51.84229278564453,34.0
2023-02-03T18:00:00,18,102,3408A,绍兴中专,绍兴市,shaoxing,120.568,29.936,pm25,56.80091094970703,40.56993865966797,33.0
2023-02-03T18:00:00,18,102,3408A,绍兴中专,绍兴市,shaoxing,120.568,29.936,o3,28.297260284423828,44.82275390625,5.0
2023-02-03T18:00:00,18,103,3409A,柯桥区政府,绍兴市,shaoxing,120.491,30.086,pm25,59.463951110839844,42.495792388916016,29.0
2023-02-03T18:00:00,18,103,3409A,柯桥区政府,绍兴市,shaoxing,120.491,30.086,o3,25.916976928710938,46.73834991455078,28.0
2023-02-03T18:00:00,18,104,3410A,重华小学,绍兴市,shaoxing,120.875,30.025,pm25,48.813941955566406,36.42807388305664,20.0
2023-02-03T18:00:00,18,104,3410A,重华小学,绍兴市,shaoxing,120.875,30.025,o3,41.25098419189453,50.64885711669922,28.0
2023-02-03T18:00:00,18,105,3411A,上虞中学,绍兴市,shaoxing,120.837,30.014,pm25,48.96235656738281,35.01921844482422,26.0
2023-02-03T18:00:00,18,105,3411A,上虞中学,绍兴市,shaoxing,120.837,30.014,o3,35.32032012939453,51.58794403076172,30.0
2023-02-03T18:00:00,18,106,3422A,江宁彩虹桥,南京市,nanjing,118.844,31.92,pm25,100.58716583251953,48.01234436035156,51.0
2023-02-03T18:00:00,18,106,3422A,江宁彩虹桥,南京市,nanjing,118.844,31.92,o3,14.525398254394531,22.115386962890625,18.0
2023-02-03T18:00:00,18,107,3423A,溧水永阳,南京市,nanjing,119.014,31.649,pm25,97.00526428222656,55.89443588256836,55.0
2023-02-03T18:00:00,18,107,3423A,溧水永阳,南京市,nanjing,119.014,31.649,o3,22.050140380859375,32.7325439453125,5.0
2023-02-03T18:00:00,18,108,3424A,高淳老职中,南京市,nanjing,118.879,31.33,pm25,98.0262451171875,61.87160110473633,50.0
2023-02-03T18:00:00,18,108,3424A,高淳老职中,南京市,nanjing,118.879,31.33,o3,26.347461700439453,39.486976623535156,23.0
2023-02-03T18:00:00,18,109,3425A,越秀幼儿园,苏州市,suzhou,120.624,31.173,pm25,54.81805419921875,41.31297302246094,23.0
2023-02-03T18:00:00,18,109,3425A,越秀幼儿园,苏州市,suzhou,120.624,31.173,o3,20.404796600341797,31.830665588378906,30.0
2023-02-03T18:00:00,18,110,3427A,六合雄州,南京市,nanjing,118.855,32.358,pm25,102.75934600830078,49.40598678588867,41.0
2023-02-03T18:00:00,18,110,3427A,六合雄州,南京市,nanjing,118.855,32.358,o3,14.915660858154297,27.891902923583984,20.0
2023-02-03T18:00:00,18,111,3428A,华庄,无锡市,wuxi,120.314,31.475,pm25,60.83192443847656,44.362098693847656,33.0
2023-02-03T18:00:00,18,111,3428A,华庄,无锡市,wuxi,120.314,31.475,o3,19.504558563232422,35.163089752197266,9.000003814697266
2023-02-03T18:00:00,18,112,3429A,武进经发区,常州市,changzhou,119.86,31.707,pm25,72.359130859375,55.08192443847656,51.0
2023-02-03T18:00:00,18,112,3429A,武进经发区,常州市,changzhou,119.86,31.707,o3,24.294944763183594,30.581512451171875,6.0
2023-02-03T18:00:00,18,113,3430A,金坛城区,常州市,changzhou,119.583,31.724,pm25,80.23757934570312,57.09439468383789,47.0
2023-02-03T18:00:00,18,113,3430A,金坛城区,常州市,changzhou,119.583,31.724,o3,24.938446044921875,34.43403625488281,33.0
2023-02-03T18:00:00,18,114,3431A,高铁新城,苏州市,suzhou,120.65,31.416,pm25,55.09442138671875,44.19551467895508,22.0
2023-02-03T18:00:00,18,114,3431A,高铁新城,苏州市,suzhou,120.65,31.416,o3,20.464862823486328,39.53087615966797,33.0
2023-02-03T18:00:00,18,115,3432A,环境教育馆,南通市,nantong,120.935,31.988,pm25,52.498451232910156,42.25955581665039,19.0
2023-02-03T18:00:00,18,115,3432A,环境教育馆,南通市,nantong,120.935,31.988,o3,26.487258911132812,45.631629943847656,17.0
2023-02-03T18:00:00,18,116,3435A,周山河街区,泰州市,taizhou,119.919,32.432,pm25,82.83573913574219,55.32051086425781,53.0
2023-02-03T18:00:00,18,116,3435A,周山河街区,泰州市,taizhou,119.919,32.432,o3,23.790142059326172,36.48872375488281,37.0
2023-02-03T18:00:00,18,117,3544A,奉贤南桥新城,上海市,shanghai,121.489,30.925,pm25,43.660545349121094,34.165653228759766,15.0
2023-02-03T18:00:00,18,117,3544A,奉贤南桥新城,上海市,shanghai,121.489,30.925,o3,33.997989654541016,65.77302551269531,50.0
2023-02-03T18:00:00,18,118,3557A,镇二中,杭州市,hangzhou,119.946,30.049,pm25,67.82718658447266,41.741790771484375,43.0
2023-02-03T18:00:00,18,118,3557A,镇二中,杭州市,hangzhou,119.946,30.049,o3,17.445777893066406,35.52408981323242,6.0
2023-02-03T18:00:00,18,119,3558A,市府大楼,杭州市,hangzhou,119.718,30.237,pm25,69.72648620605469,46.50188064575195,42.0
2023-02-03T18:00:00,18,119,3558A,市府大楼,杭州市,hangzhou,119.718,30.237,o3,22.701278686523438,37.469825744628906,16.0
2023-02-03T18:00:00,18,120,3560A,柯桥妇保,绍兴市,shaoxing,120.472,30.042,pm25,61.6482048034668,43.46616744995117,37.0
2023-02-03T18:00:00,18,120,3560A,柯桥妇保,绍兴市,shaoxing,120.472,30.042,o3,24.751773834228516,45.77125549316406,11.0
2023-02-03T18:00:00,18,121,3562A,南浔区站,湖州市,huzhou,120.415,30.854,pm25,52.38192367553711,39.896873474121094,45.0
2023-02-03T18:00:00,18,121,3562A,南浔区站,湖州市,huzhou,120.415,30.854,o3,27.010665893554688,45.8472900390625,7.0
2023-02-03T18:00:00,18,122,3564A,台州科技职业学院,台州市,taizhou,121.257,28.668,pm25,50.01939392089844,29.984519958496094,25.0
2023-02-03T18:00:00,18,122,3564A,台州科技职业学院,台州市,taizhou,121.257,28.668,o3,37.810054779052734,50.1090202331543,41.0
2023-02-03T18:00:00,18,123,3656A,消防大队,杭州市,hangzhou,120.156,30.286,pm25,69.06082153320312,45.986412048339844,56.0
2023-02-03T18:00:00,18,123,3656A,消防大队,杭州市,hangzhou,120.156,30.286,o3,20.975257873535156,37.4630126953125,4.0
2023-02-03T18:00:00,18,124,3658A,袍江中学,绍兴市,shaoxing,120.615,30.076,pm25,57.19321060180664,41.225215911865234,28.0
2023-02-03T18:00:00,18,124,3658A,袍江中学,绍兴市,shaoxing,120.615,30.076,o3,28.615550994873047,47.71149826049805,26.0
2023-02-03T18:00:00,18,125,3710A,白沙活动中心,宁波市,ningbo,121.559,29.898,pm25,47.931739807128906,33.47753143310547,19.0
2023-02-03T18:00:00,18,125,3710A,白沙活动中心,宁波市,ningbo,121.559,29.898,o3,40.001380920410156,62.42877960205078,13.999996185302734
2023-02-03T18:00:00,18,126,4033A,普陀东港中学,舟山市,zhoushan,122.312,29.962,pm25,38.870399475097656,25.561729431152344,10.0
2023-02-03T18:00:00,18,126,4033A,普陀东港中学,舟山市,zhoushan,122.312,29.962,o3,54.877532958984375,85.34025573730469,63.0
2023-02-03T23:00:00,23,0,1141A,普陀,上海市,shanghai,121.4,31.238,pm25,36.220680236816406,18.371877670288086,15.0
2023-02-03T23:00:00,23,0,1141A,普陀,上海市,shanghai,121.4,31.238,o3,41.22168731689453,51.843231201171875,39.0
2023-02-03T23:00:00,23,1,1142A,十五厂,上海市,shanghai,121.478,31.204,pm25,34.720272064208984,10.609033584594727,12.0
2023-02-03T23:00:00,23,1,1142A,十五厂,上海市,shanghai,121.478,31.204,o3,37.062774658203125,50.012149810791016,47.0
2023-02-03T23:00:00,23,2,1143A,虹口,上海市,shanghai,121.467,31.301,pm25,37.781898498535156,16.492855072021484,18.0
2023-02-03T23:00:00,23,2,1143A,虹口,上海市,shanghai,121.467,31.301,o3,32.68341827392578,35.08423614501953,22.0
2023-02-03T23:00:00,23,3,1144A,徐汇上师大,上海市,shanghai,121.412,31.165,pm25,33.357791900634766,8.634981155395508,11.0
2023-02-03T23:00:00,23,3,1144A,徐汇上师大,上海市,shanghai,121.412,31.165,o3,35.968223571777344,49.54100036621094,43.0
2023-02-03T23:00:00,23,4,1145A,杨浦四漂,上海市,shanghai,121.536,31.266,pm25,36.887935638427734,17.441152572631836,13.0
2023-02-03T23:00:00,23,4,1145A,杨浦四漂,上海市,shanghai,121.536,31.266,o3,35.56890106201172,43.02000045776367,26.0
2023-02-03T23:00:00,23,5,1147A,静安监测站,上海市,shanghai,121.425,31.226,pm25,35.18750762939453,12.551847457885742,10.0
2023-02-03T23:00:00,23,5,1147A,静安监测站,上海市,shanghai,121.425,31.226,o3,38.6141471862793,48.891197204589844,45.0
2023-02-03T23:00:00,23,6,1148A,浦东川沙,上海市,shanghai,121.703,31.191,pm25,37.132144927978516,15.531625747680664,12.0
2023-02-03T23:00:00,23,6,1148A,浦东川沙,上海市,shanghai,121.703,31.191,o3,35.761863708496094,37.7490234375,25.0
2023-02-03T23:00:00,23,7,1149A,浦东新区监测站,上海市,shanghai,121.533,31.228,pm25,37.10325241088867,17.448467254638672,9.0
2023-02-03T23:00:00,23,7,1149A,浦东新区监测站,上海市,shanghai,121.533,31.228,o3,36.97108459472656,49.2353401184082,38.0
2023-02-03T23:00:00,23,8,1150A,浦东张江,上海市,shanghai,121.577,31.207,pm25,34.95057678222656,8.700838088989258,6.0
2023-02-03T23:00:00,23,8,1150A,浦东张江,上海市,shanghai,121.577,31.207,o3,32.99994659423828,35.16138458251953,29.0
2023-02-03T23:00:00,23,9,1151A,迈皋桥,南京市,nanjing,118.809,32.106,pm25,98.67550659179688,42.69381332397461,41.0
2023-02-03T23:00:00,23,9,1151A,迈皋桥,南京市,nanjing,118.809,32.106,o3,16.83420181274414,4.262298583984375,4.0
2023-02-03T23:00:00,23,10,1152A,草场门,南京市,nanjing,118.754,32.055,pm25,95.27894592285156,35.835453033447266,36.0
2023-02-03T23:00:00,23,10,1152A,草场门,南京市,nanjing,118.754,32.055,o3,17.639053344726562,12.426326751708984,9.000003814697266
2023-02-03T23:00:00,23,11,1153A,山西路,南京市,nanjing,118.779,32.074,pm25,100.29598999023438,47.580787658691406,41.0
2023-02-03T23:00:00,23,11,1153A,山西路,南京市,nanjing,118.779,32.074,o3,18.283859252929688,8.344593048095703,6.0
2023-02-03T23:00:00,23,12,1154A,中华门,南京市,nanjing,118.775,32.002,pm25,99.2387924194336,45.61729049682617,41.0
2023-02-03T23:00:00,23,12,1154A,中华门,南京市,nanjing,118.775,32.002,o3,16.57828140258789,2.0084228515625,1.0
2023-02-03T23:00:00,23,13,1155A,瑞金路,南京市,nanjing,118.811,32.031,pm25,96.4776611328125,37.813392639160156,39.0
2023-02-03T23:00:00,23,13,1155A,瑞金路,南京市,nanjing,118.811,32.031,o3,17.953388214111328,19.535869598388672,13.999996185302734
2023-02-03T23:00:00,23,14,1156A,玄武湖,南京市,nanjing,118.8,32.075,pm25,97.93014526367188,43.64586639404297,43.0
2023-02-03T23:00:00,23,14,1156A,玄武湖,南京市,nanjing,118.8,32.075,o3,17.830089569091797,11.174861907958984,6.0
2023-02-03T23:00:00,23,15,1157A,浦口,南京市,nanjing,118.641,32.093,pm25,98.9005126953125,52.33464813232422,48.0
2023-02-03T23:00:00,23,15,1157A,浦口,南京市,nanjing,118.641,32.093,o3,18.130088806152344,13.36947250366211,17.0
2023-02-03T23:00:00,23,16,1158A,奥体中心,南京市,nanjing,118.736,32.0,pm25,101.71600341796875,47.63373565673828,44.0
2023-02-03T23:00:00,23,16,1158A,奥体中心,南京市,nanjing,118.736,32.0,o3,17.705764770507812,5.618976593017578,6.0
2023-02-03T23:00:00,23,17,1159A,仙林大学城,南京市,nanjing,118.912,32.103,pm25,97.65669250488281,45.573585510253906,44.0
2023-02-03T23:00:00,23,17,1159A,仙林大学城,南京市,nanjing,118.912,32.103,o3,18.334697723388672,2.708648681640625,4.0
2023-02-03T23:00:00,23,18,1160A,上方山,苏州市,suzhou,120.561,31.247,pm25,43.397552490234375,30.190725326538086,30.0
2023-02-03T23:00:00,23,18,1160A,上方山,苏州市,suzhou,120.561,31.247,o3,18.448230743408203,9.077285766601562,4.0
2023-02-03T23:00:00,23,19,1162A,彩香,苏州市,suzhou,120.591,31.302,pm25,42.295108795166016,24.3609561920166,24.0
2023-02-03T23:00:00,23,19,1162A,彩香,苏州市,suzhou,120.591,31.302,o3,19.162609100341797,5.7870941162109375,4.0
2023-02-03T23:00:00,23,20,1163A,轧钢厂,苏州市,suzhou,120.596,31.326,pm25,41.93653869628906,25.31435775756836,26.0
2023-02-03T23:00:00,23,20,1163A,轧钢厂,苏州市,suzhou,120.596,31.326,o3,17.182891845703125,4.078392028808594,2.0
2023-02-03T23:00:00,23,21,1164A,吴中区,苏州市,suzhou,120.613,31.27,pm25,41.59144592285156,24.33840560913086,24.0
2023-02-03T23:00:00,23,21,1164A,吴中区,苏州市,suzhou,120.613,31.27,o3,18.806869506835938,4.285614013671875,1.0
2023-02-03T23:00:00,23,22,1165A,苏州新区,苏州市,suzhou,120.543,31.299,pm25,44.52946853637695,26.36129379272461,27.0
2023-02-03T23:00:00,23,22,1165A,苏州新区,苏州市,suzhou,120.543,31.299,o3,17.161983489990234,4.495586395263672,4.0
2023-02-03T23:00:00,23,23,1166A,苏州工业园区,苏州市,suzhou,120.669,31.31,pm25,41.50543212890625,26.261234283447266,26.0
2023-02-03T23:00:00,23,23,1166A,苏州工业园区,苏州市,suzhou,120.669,31.31,o3,19.686824798583984,5.538028717041016,2.0
2023-02-03T23:00:00,23,24,1167A,相城区,苏州市,suzhou,120.641,31.371,pm25,42.18851852416992,30.145751953125,30.0
2023-02-03T23:00:00,23,24,1167A,相城区,苏州市,suzhou,120.641,31.371,o3,18.453514099121094,4.342315673828125,4.0
2023-02-03T23:00:00,23,25,1168A,狼山街道,南通市,nantong,120.91,31.966,pm25,40.588768005371094,21.427227020263672,23.0
2023-02-03T23:00:00,23,25,1168A,狼山街道,南通市,nantong,120.91,31.966,o3,28.05440902709961,21.325775146484375,17.0
2023-02-03T23:00:00,23,26,1169A,虹桥,南通市,nantong,120.86,32.001,pm25,38.59907531738281,17.499958038330078,16.0
2023-02-03T23:00:00,23,26,1169A,虹桥,南通市,nantong,120.86,32.001,o3,37.19011306762695,50.647178649902344,51.0
2023-02-03T23:00:00,23,27,1170A,城中,南通市,nantong,120.87,32.02,pm25,41.4262580871582,23.376928329467773,22.0
2023-02-03T23:00:00,23,27,1170A,城中,南通市,nantong,120.87,32.02,o3,33.33894348144531,37.983306884765625,31.0
2023-02-03T23:00:00,23,28,1171A,星湖花园,南通市,nantong,120.94,31.93,pm25,38.994598388671875,19.436891555786133,17.0
2023-02-03T23:00:00,23,28,1171A,星湖花园,南通市,nantong,120.94,31.93,o3,28.731388092041016,28.69872283935547,20.0
2023-02-03T23:00:00,23,29,1172A,紫琅学院,南通市,nantong,120.81,32.042,pm25,43.13694763183594,27.31066131591797,22.0
2023-02-03T23:00:00,23,29,1172A,紫琅学院,南通市,nantong,120.81,32.042,o3,25.242740631103516,19.818878173828125,13.0
2023-02-03T23:00:00,23,30,1186A,邗江监测站,扬州市,yangzhou,119.389,32.376,pm25,93.68472290039062,61.909934997558594,61.0
2023-02-03T23:00:00,23,30,1186A,邗江监测站,扬州市,yangzhou,119.389,32.376,o3,21.411727905273438,11.212432861328125,5.0
2023-02-03T23:00:00,23,31,1188A,雪浪,无锡市,wuxi,120.269,31.487,pm25,45.62615203857422,22.54878044128418,22.0
2023-02-03T23:00:00,23,31,1188A,雪浪,无锡市,wuxi,120.269,31.487,o3,18.199939727783203,8.374645233154297,1.0
2023-02-03T23:00:00,23,32,1189A,黄巷,无锡市,wuxi,120.275,31.622,pm25,46.51911544799805,19.713104248046875,17.0
2023-02-03T23:00:00,23,32,1189A,黄巷,无锡市,wuxi,120.275,31.622,o3,18.534366607666016,8.832504272460938,7.0
2023-02-03T23:00:00,23,33,1190A,曹张,无锡市,wuxi,120.294,31.56,pm25,44.523128509521484,17.69186782836914,24.0
2023-02-03T23:00:00,23,33,1190A,曹张,无锡市,wuxi,120.294,31.56,o3,19.80103302001953,17.455467224121094,7.0
2023-02-03T23:00:00,23,34,1191A,漆塘,无锡市,wuxi,120.242,31.503,pm25,46.496368408203125,24.516714096069336,19.0
2023-02-03T23:00:00,23,34,1191A,漆塘,无锡市,wuxi,120.242,31.503,o3,20.25881576538086,13.290672302246094,7.0
2023-02-03T23:00:00,23,35,1192A,东亭,无锡市,wuxi,120.349,31.586,pm25,43.571842193603516,14.779685974121094,19.0
2023-02-03T23:00:00,23,35,1192A,东亭,无锡市,wuxi,120.349,31.586,o3,18.630687713623047,14.560047149658203,4.0
2023-02-03T23:00:00,23,36,1193A,旺庄,无锡市,wuxi,120.354,31.548,pm25,44.08657455444336,14.787006378173828,29.0
2023-02-03T23:00:00,23,36,1193A,旺庄,无锡市,wuxi,120.354,31.548,o3,17.99959945678711,9.230548858642578,7.999996185302734
2023-02-03T23:00:00,23,37,1194A,荣巷,无锡市,wuxi,120.245,31.563,pm25,45.86659240722656,19.676288604736328,24.0
2023-02-03T23:00:00,23,37,1194A,荣巷,无锡市,wuxi,120.245,31.563,o3,19.63770294189453,11.45114517211914,7.999996185302734
2023-02-03T23:00:00,23,38,1195A,堰桥,无锡市,wuxi,120.299,31.682,pm25,45.781402587890625,19.6822566986084,22.0
2023-02-03T23:00:00,23,38,1195A,堰桥,无锡市,wuxi,120.299,31.682,o3,22.232666015625,32.859161376953125,28.0
2023-02-03T23:00:00,23,39,1196A,市监测站,常州市,changzhou,119.963,31.762,pm25,58.658714294433594,34.61262893676758,33.0
2023-02-03T23:00:00,23,39,1196A,市监测站,常州市,changzhou,119.963,31.762,o3,21.489089965820312,12.35385513305664,6.0
2023-02-03T23:00:00,23,40,1200A,武进监测站,常州市,changzhou,119.947,31.707,pm25,58.244876861572266,34.594905853271484,34.0
2023-02-03T23:00:00,23,40,1200A,武进监测站,常州市,changzhou,119.947,31.707,o3,21.721759796142578,13.34749984741211,7.999996185302734
2023-02-03T23:00:00,23,41,1201A,安家,常州市,changzhou,119.926,31.909,pm25,63.18942642211914,36.688873291015625,33.0
2023-02-03T23:00:00,23,41,1201A,安家,常州市,changzhou,119.926,31.909,o3,20.77678680419922,10.07431411743164,9.000003814697266
2023-02-03T23:00:00,23,42,1203A,新区办事处,镇江市,zhenjiang,119.671,32.188,pm25,77.84678649902344,53.65028381347656,49.0
2023-02-03T23:00:00,23,42,1203A,新区办事处,镇江市,zhenjiang,119.671,32.188,o3,24.335235595703125,8.49996566772461,7.0
2023-02-03T23:00:00,23,43,1204A,职教中心,镇江市,zhenjiang,119.497,32.197,pm25,84.32371520996094,61.60572814941406,58.0
2023-02-03T23:00:00,23,43,1204A,职教中心,镇江市,zhenjiang,119.497,32.197,o3,21.854812622070312,5.675224304199219,3.0000038146972656
2023-02-03T23:00:00,23,44,1205A,丹徒区监测站,镇江市,zhenjiang,119.43,32.133,pm25,84.15251159667969,55.80216979980469,54.0
2023-02-03T23:00:00,23,44,1205A,丹徒区监测站,镇江市,zhenjiang,119.43,32.133,o3,22.25328826904297,11.383365631103516,7.0
2023-02-03T23:00:00,23,45,1206A,公园路,泰州市,taizhou,119.905,32.488,pm25,62.76134490966797,29.954252243041992,24.0
2023-02-03T23:00:00,23,45,1206A,公园路,泰州市,taizhou,119.905,32.488,o3,37.02521514892578,51.325439453125,49.0
2023-02-03T23:00:00,23,46,1207A,莲花,泰州市,taizhou,119.919,32.462,pm25,69.95977783203125,48.537994384765625,51.0
2023-02-03T23:00:00,23,46,1207A,莲花,泰州市,taizhou,119.919,32.462,o3,36.70967102050781,44.685882568359375,41.0
2023-02-03T23:00:00,23,47,1209A,留学生创业园,泰州市,taizhou,119.888,32.464,pm25,65.86079406738281,33.92333984375,37.0
2023-02-03T23:00:00,23,47,1209A,留学生创业园,泰州市,taizhou,119.888,32.464,o3,33.484130859375,41.18419647216797,36.0
2023-02-03T23:00:00,23,48,1223A,滨江,杭州市,hangzhou,120.207,30.211,pm25,44.06475067138672,15.759973526000977,11.0
2023-02-03T23:00:00,23,48,1223A,滨江,杭州市,hangzhou,120.207,30.211,o3,28.881759643554688,34.74858474731445,36.0
2023-02-03T23:00:00,23,49,1224A,西溪,杭州市,hangzhou,120.063,30.275,pm25,58.99815368652344,38.440452575683594,37.0
2023-02-03T23:00:00,23,49,1224A,西溪,杭州市,hangzhou,120.063,30.275,o3,16.177265167236328,4.063083648681641,3.0000038146972656
2023-02-03T23:00:00,23,50,1226A,下沙,杭州市,hangzhou,120.346,30.315,pm25,41.24342727661133,11.813776016235352,12.0
2023-02-03T23:00:00,23,50,1226A,下沙,杭州市,hangzhou,120.346,30.315,o3,33.353885650634766,28.961517333984375,12.0
2023-02-03T23:00:00,23,51,1227A,卧龙桥,杭州市,hangzhou,120.127,30.246,pm25,56.19252014160156,34.50309371948242,28.0
2023-02-03T23:00:00,23,51,1227A,卧龙桥,杭州市,hangzhou,120.127,30.246,o3,17.27895736694336,2.6631011962890625,3.0000038146972656
2023-02-03T23:00:00,23,52,1228A,浙江农大,杭州市,hangzhou,120.19,30.269,pm25,46.864044189453125,20.68712615966797,16.0
2023-02-03T23:00:00,23,52,1228A,浙江农大,杭州市,hangzhou,120.19,30.269,o3,32.175113677978516,32.02427673339844,28.0
2023-02-03T23:00:00,23,53,1230A,和睦小学,杭州市,hangzhou,120.12,30.312,pm25,51.978057861328125,26.65636444091797,23.0
2023-02-03T23:00:00,23,53,1230A,和睦小学,杭州市,hangzhou,120.12,30.312,o3,24.537830352783203,25.033905029296875,31.0
2023-02-03T23:00:00,23,54,1231A,临平镇,杭州市,hangzhou,120.302,30.418,pm25,41.49305725097656,15.660440444946289,18.0
2023-02-03T23:00:00,23,54,1231A,临平镇,杭州市,hangzhou,120.302,30.418,o3,32.84012985229492,32.22356033325195,11.0
2023-02-03T23:00:00,23,55,1232A,城厢镇,杭州市,hangzhou,120.27,30.182,pm25,45.873043060302734,18.72598648071289,16.0
2023-02-03T23:00:00,23,55,1232A,城厢镇,杭州市,hangzhou,120.27,30.182,o3,28.606678009033203,32.09907913208008,27.0
2023-02-03T23:00:00,23,56,1233A,云栖,杭州市,hangzhou,120.088,30.181,pm25,53.49872589111328,26.69019317626953,18.0
2023-02-03T23:00:00,23,56,1233A,云栖,杭州市,hangzhou,120.088,30.181,o3,18.159313201904297,9.41866683959961,13.0
2023-02-03T23:00:00,23,57,1234A,区环保大楼,宁波市,ningbo,121.836,29.911,pm25,42.62838363647461,13.644733428955078,12.0
2023-02-03T23:00:00,23,57,1234A,区环保大楼,宁波市,ningbo,121.836,29.911,o3,32.59035110473633,30.25900650024414,6.0
2023-02-03T23:00:00,23,58,1235A,万里学院,宁波市,ningbo,121.56,29.82,pm25,50.27998352050781,29.360563278198242,27.0
2023-02-03T23:00:00,23,58,1235A,万里学院,宁波市,ningbo,121.56,29.82,o3,24.887489318847656,9.353248596191406,4.0
2023-02-03T23:00:00,23,59,1236A,龙赛医院,宁波市,ningbo,121.713,29.957,pm25,38.936763763427734,11.611661911010742,11.0
2023-02-03T23:00:00,23,59,1236A,龙赛医院,宁波市,ningbo,121.713,29.957,o3,42.51557540893555,51.97319030761719,36.0
2023-02-03T23:00:00,23,60,1239A,钱湖水厂,宁波市,ningbo,121.633,29.773,pm25,47.93755340576172,25.413171768188477,32.0
2023-02-03T23:00:00,23,60,1239A,钱湖水厂,宁波市,ningbo,121.633,29.773,o3,30.564178466796875,22.50130844116211,11.0
2023-02-03T23:00:00,23,61,1240A,太古小学,宁波市,ningbo,121.586,29.864,pm25,42.75955581665039,16.559267044067383,17.0
2023-02-03T23:00:00,23,61,1240A,太古小学,宁波市,ningbo,121.586,29.864,o3,28.589027404785156,28.607173919677734,12.0
2023-02-03T23:00:00,23,62,1241A,市环境监测中心,宁波市,ningbo,121.524,29.867,pm25,41.91564178466797,16.55663299560547,17.0
2023-02-03T23:00:00,23,62,1241A,市环境监测中心,宁波市,ningbo,121.524,29.867,o3,25.609172821044922,23.922954559326172,12.0
2023-02-03T23:00:00,23,63,1247A,城东开发委,绍兴市,shaoxing,120.605,29.993,pm25,40.57826232910156,16.60234832763672,16.0
2023-02-03T23:00:00,23,63,1247A,城东开发委,绍兴市,shaoxing,120.605,29.993,o3,33.261966705322266,28.818675994873047,23.0
2023-02-03T23:00:00,23,64,1250A,城西水厂,湖州市,huzhou,120.075,30.867,pm25,51.715919494628906,36.27191162109375,36.0
2023-02-03T23:00:00,23,64,1250A,城西水厂,湖州市,huzhou,120.075,30.867,o3,21.978717803955078,6.594364166259766,5.0
2023-02-03T23:00:00,23,65,1252A,清河小学,嘉兴市,jiaxing,120.744,30.778,pm25,35.659751892089844,15.447256088256836,16.0
2023-02-03T23:00:00,23,65,1252A,清河小学,嘉兴市,jiaxing,120.744,30.778,o3,31.39038848876953,38.675682067871094,29.0
2023-02-03T23:00:00,23,66,1253A,嘉兴学院,嘉兴市,jiaxing,120.726,30.748,pm25,37.189491271972656,16.476116180419922,16.0
2023-02-03T23:00:00,23,66,1253A,嘉兴学院,嘉兴市,jiaxing,120.726,30.748,o3,31.28732681274414,33.40319061279297,27.0
2023-02-03T23:00:00,23,67,1255A,黄岩环保大楼,台州市,taizhou,121.273,28.646,pm25,55.9400634765625,23.769851684570312,27.0
2023-02-03T23:00:00,23,67,1255A,黄岩环保大楼,台州市,taizhou,121.273,28.646,o3,42.677799224853516,36.017547607421875,24.0
2023-02-03T23:00:00,23,68,1256A,台州环保大楼,台州市,taizhou,121.419,28.654,pm25,60.546749114990234,27.787368774414062,22.0
2023-02-03T23:00:00,23,68,1256A,台州环保大楼,台州市,taizhou,121.419,28.654,o3,42.889244079589844,42.64739227294922,38.0
2023-02-03T23:00:00,23,69,1257A,路桥田洋王,台州市,taizhou,121.377,28.577,pm25,61.75072479248047,31.702478408813477,31.0
2023-02-03T23:00:00,23,69,1257A,路桥田洋王,台州市,taizhou,121.377,28.577,o3,40.88011932373047,47.44822692871094,39.0
2023-02-03T23:00:00,23,70,1258A,定海檀枫,舟山市,zhoushan,122.122,30.02,pm25,36.956214904785156,10.566253662109375,16.0
2023-02-03T23:00:00,23,70,1258A,定海檀枫,舟山市,zhoushan,122.122,30.02,o3,49.12062072753906,58.47010040283203,54.0
2023-02-03T23:00:00,23,71,1259A,普陀东港,舟山市,zhoushan,122.309,29.956,pm25,33.84060287475586,10.448877334594727,15.0
2023-02-03T23:00:00,23,71,1259A,普陀东港,舟山市,zhoushan,122.309,29.956,o3,56.972938537597656,68.50402069091797,61.0
2023-02-03T23:00:00,23,72,1260A,临城新区,舟山市,zhoushan,122.19,29.994,pm25,35.27658462524414,9.548017501831055,11.0
2023-02-03T23:00:00,23,72,1260A,临城新区,舟山市,zhoushan,122.19,29.994,o3,51.59804916381836,63.926212310791016,59.0
2023-02-03T23:00:00,23,73,2869A,五台山医院,扬州市,yangzhou,119.447,32.416,pm25,90.19927978515625,55.02690887451172,50.0
2023-02-03T23:00:00,23,73,2869A,五台山医院,扬州市,yangzhou,119.447,32.416,o3,19.862396240234375,5.651741027832031,1.0
2023-02-03T23:00:00,23,74,2870A,市疾控中心,镇江市,zhenjiang,119.442,32.187,pm25,88.82461547851562,69.46627807617188,55.0
2023-02-03T23:00:00,23,74,2870A,市疾控中心,镇江市,zhenjiang,119.442,32.187,o3,21.52811050415039,3.5251083374023438,1.0
2023-02-03T23:00:00,23,75,2871A,万里国际学校,宁波市,ningbo,121.615,29.902,pm25,45.472007751464844,21.480182647705078,24.0
2023-02-03T23:00:00,23,75,2871A,万里国际学校,宁波市,ningbo,121.615,29.902,o3,28.05632781982422,26.208938598632812,12.0
2023-02-03T23:00:00,23,76,2872A,南湖区残联,嘉兴市,jiaxing,120.785,30.752,pm25,37.03223419189453,17.426753997802734,13.0
2023-02-03T23:00:00,23,76,2872A,南湖区残联,嘉兴市,jiaxing,120.785,30.752,o3,31.135623931884766,32.31285858154297,28.0
2023-02-03T23:00:00,23,77,2873A,仁皇山新区,湖州市,huzhou,120.088,30.896,pm25,51.42503356933594,42.05070114135742,35.0
2023-02-03T23:00:00,23,77,2873A,仁皇山新区,湖州市,huzhou,120.088,30.896,o3,22.025611877441406,4.834907531738281,3.0000038146972656
2023-02-03T23:00:00,23,78,2907A,吴兴区站,湖州市,huzhou,120.184,30.86,pm25,44.13935470581055,25.409992218017578,20.0
2023-02-03T23:00:00,23,78,2907A,吴兴区站,湖州市,huzhou,120.184,30.86,o3,25.769939422607422,25.610538482666016,20.0
2023-02-03T23:00:00,23,79,2921A,树下王站,绍兴市,shaoxing,120.548,30.0,pm25,42.198673248291016,16.659326553344727,15.0
2023-02-03T23:00:00,23,79,2921A,树下王站,绍兴市,shaoxing,120.548,30.0,o3,35.651451110839844,37.414127349853516,40.0
2023-02-03T23:00:00,23,80,2997A,王营,泰州市,taizhou,119.877,32.329,pm25,71.39332580566406,46.662933349609375,48.0
2023-02-03T23:00:00,23,80,2997A,王营,泰州市,taizhou,119.877,32.329,o3,29.18926239013672,25.892250061035156,12.0
2023-02-03T23:00:00,23,81,3002A,行政中心,常州市,changzhou,119.98,31.817,pm25,57.12953186035156,28.768299102783203,29.0
2023-02-03T23:00:00,23,81,3002A,行政中心,常州市,changzhou,119.98,31.817,o3,20.92718505859375,19.620113372802734,18.0
2023-02-03T23:00:00,23,82,3003A,经开区,常州市,changzhou,120.052,31.775,pm25,54.50343704223633,25.79988670349121,28.0
2023-02-03T23:00:00,23,82,3003A,经开区,常州市,changzhou,120.052,31.775,o3,21.840450286865234,14.348121643066406,7.999996185302734
2023-02-03T23:00:00,23,83,3010A,钟楼,常州市,changzhou,119.902,31.796,pm25,60.86676788330078,35.636722564697266,34.0
2023-02-03T23:00:00,23,83,3010A,钟楼,常州市,changzhou,119.902,31.796,o3,21.547714233398438,12.354339599609375,6.0
2023-02-03T23:00:00,23,84,3164A,广陵建设局,扬州市,yangzhou,119.469,32.394,pm25,90.771484375,58.923519134521484,59.0
2023-02-03T23:00:00,23,84,3164A,广陵建设局,扬州市,yangzhou,119.469,32.394,o3,18.742984771728516,2.8610916137695312,1.0
2023-02-03T23:00:00,23,85,3195A,市体育局,扬州市,yangzhou,119.363,32.397,pm25,95.42724609375,68.72016906738281,66.0
2023-02-03T23:00:00,23,85,3195A,市体育局,扬州市,yangzhou,119.363,32.397,o3,21.71540069580078,11.983078002929688,5.0
2023-02-03T23:00:00,23,86,3265A,宝山庙行,上海市,shanghai,121.432,31.332,pm25,40.50871276855469,21.412506103515625,21.0
2023-02-03T23:00:00,23,86,3265A,宝山庙行,上海市,shanghai,121.432,31.332,o3,25.123661041259766,6.618541717529297,3.0000038146972656
2023-02-03T23:00:00,23,87,3266A,崇明上实东滩,上海市,shanghai,121.879,31.466,pm25,44.10984420776367,31.208635330200195,29.0
2023-02-03T23:00:00,23,87,3266A,崇明上实东滩,上海市,shanghai,121.879,31.466,o3,36.0185546875,29.400012969970703,25.0
2023-02-03T23:00:00,23,88,3268A,嘉定南翔,上海市,shanghai,121.316,31.284,pm25,35.87705612182617,9.684488296508789,16.0
2023-02-03T23:00:00,23,88,3268A,嘉定南翔,上海市,shanghai,121.316,31.284,o3,26.418731689453125,21.86376190185547,13.0
2023-02-03T23:00:00,23,89,3269A,金山新城,上海市,shanghai,121.336,30.746,pm25,33.50715255737305,12.492086410522461,15.0
2023-02-03T23:00:00,23,89,3269A,金山新城,上海市,shanghai,121.336,30.746,o3,42.3955078125,50.137813568115234,36.0
2023-02-03T23:00:00,23,90,3270A,闵行浦江,上海市,shanghai,121.5,31.074,pm25,35.21010208129883,12.560686111450195,15.0
2023-02-03T23:00:00,23,90,3270A,闵行浦江,上海市,shanghai,121.5,31.074,o3,35.696502685546875,39.859100341796875,28.0
2023-02-03T23:00:00,23,91,3271A,青浦徐泾,上海市,shanghai,121.289,31.166,pm25,36.394622802734375,15.492439270019531,15.0
2023-02-03T23:00:00,23,91,3271A,青浦徐泾,上海市,shanghai,121.289,31.166,o3,31.592487335205078,38.47565841674805,29.0
2023-02-03T23:00:00,23,92,3272A,松江图书馆,上海市,shanghai,121.219,31.038,pm25,35.72763442993164,16.423864364624023,14.0
2023-02-03T23:00:00,23,92,3272A,松江图书馆,上海市,shanghai,121.219,31.038,o3,26.772933959960938,26.586803436279297,22.0
2023-02-03T23:00:00,23,93,3273A,长宁仙霞,上海市,shanghai,121.39,31.206,pm25,35.2839469909668,12.5548095703125,11.0
2023-02-03T23:00:00,23,93,3273A,长宁仙霞,上海市,shanghai,121.39,31.206,o3,33.76966857910156,41.28997039794922,22.0
2023-02-03T23:00:00,23,94,3274A,浦东惠南,上海市,shanghai,121.796,31.051,pm25,36.858642578125,16.493452072143555,19.0
2023-02-03T23:00:00,23,94,3274A,浦东惠南,上海市,shanghai,121.796,31.051,o3,37.27895736694336,42.08715057373047,21.0
2023-02-03T23:00:00,23,95,3287A,富润路1号,镇江市,zhenjiang,119.384,32.198,pm25,90.28845977783203,68.54962158203125,51.0
2023-02-03T23:00:00,23,95,3287A,富润路1号,镇江市,zhenjiang,119.384,32.198,o3,21.349628448486328,6.111232757568359,12.0
2023-02-03T23:00:00,23,96,3289A,方洲路,苏州市,suzhou,120.743,31.319,pm25,39.30265808105469,23.296024322509766,22.0
2023-02-03T23:00:00,23,96,3289A,方洲路,苏州市,suzhou,120.743,31.319,o3,20.225421905517578,9.077091217041016,4.0
2023-02-03T23:00:00,23,97,3290A,木渎中学,苏州市,suzhou,120.503,31.277,pm25,43.790035247802734,29.234031677246094,29.0
2023-02-03T23:00:00,23,97,3290A,木渎中学,苏州市,suzhou,120.503,31.277,o3,19.770610809326172,10.95242691040039,6.0
2023-02-03T23:00:00,23,98,3291A,通州监测站,南通市,nantong,121.067,32.062,pm25,38.44648742675781,19.41727638244629,22.0
2023-02-03T23:00:00,23,98,3291A,通州监测站,南通市,nantong,121.067,32.062,o3,44.26097106933594,57.40926742553711,56.0
2023-02-03T23:00:00,23,99,3294A,引江管理处,扬州市,yangzhou,119.565,32.422,pm25,87.21187591552734,62.6579475402832,61.0
2023-02-03T23:00:00,23,99,3294A,引江管理处,扬州市,yangzhou,119.565,32.422,o3,26.59076690673828,24.879016876220703,15.000003814697266
2023-02-03T23:00:00,23,100,3295A,姜堰区政府广场,泰州市,taizhou,120.126,32.51,pm25,54.131309509277344,22.922805786132812,23.0
2023-02-03T23:00:00,23,100,3295A,姜堰区政府广场,泰州市,taizhou,120.126,32.51,o3,44.32793426513672,66.56775665283203,68.0
2023-02-03T23:00:00,23,101,3407A,秀洲住建,嘉兴市,jiaxing,120.692,30.774,pm25,36.85255432128906,13.56369400024414,13.0
2023-02-03T23:00:00,23,101,3407A,秀洲住建,嘉兴市,jiaxing,120.692,30.774,o3,29.366409301757812,31.157428741455078,35.0
2023-02-03T23:00:00,23,102,3408A,绍兴中专,绍兴市,shaoxing,120.568,29.936,pm25,49.70641326904297,29.449909210205078,27.0
2023-02-03T23:00:00,23,102,3408A,绍兴中专,绍兴市,shaoxing,120.568,29.936,o3,23.32657241821289,5.740043640136719,4.0
2023-02-03T23:00:00,23,103,3409A,柯桥区政府,绍兴市,shaoxing,120.491,30.086,pm25,39.07349395751953,11.730281829833984,11.0
2023-02-03T23:00:00,23,103,3409A,柯桥区政府,绍兴市,shaoxing,120.491,30.086,o3,33.43300247192383,39.632606506347656,36.0
2023-02-03T23:00:00,23,104,3410A,重华小学,绍兴市,shaoxing,120.875,30.025,pm25,35.71179962158203,11.621700286865234,10.0
2023-02-03T23:00:00,23,104,3410A,重华小学,绍兴市,shaoxing,120.875,30.025,o3,39.474327087402344,40.420936584472656,36.0
2023-02-03T23:00:00,23,105,3411A,上虞中学,绍兴市,shaoxing,120.837,30.014,pm25,36.992218017578125,15.525087356567383,14.0
2023-02-03T23:00:00,23,105,3411A,上虞中学,绍兴市,shaoxing,120.837,30.014,o3,38.40116882324219,37.31764221191406,36.0
2023-02-03T23:00:00,23,106,3422A,江宁彩虹桥,南京市,nanjing,118.844,31.92,pm25,99.458251953125,52.37660217285156,48.0
2023-02-03T23:00:00,23,106,3422A,江宁彩虹桥,南京市,nanjing,118.844,31.92,o3,19.248302459716797,11.22433853149414,1.0
2023-02-03T23:00:00,23,107,3423A,溧水永阳,南京市,nanjing,119.014,31.649,pm25,91.92715454101562,52.12743377685547,50.0
2023-02-03T23:00:00,23,107,3423A,溧水永阳,南京市,nanjing,119.014,31.649,o3,25.76480484008789,7.079875946044922,6.0
2023-02-03T23:00:00,23,108,3424A,高淳老职中,南京市,nanjing,118.879,31.33,pm25,90.41079711914062,52.07773971557617,50.0
2023-02-03T23:00:00,23,108,3424A,高淳老职中,南京市,nanjing,118.879,31.33,o3,28.37552261352539,7.929248809814453,3.0000038146972656
2023-02-03T23:00:00,23,109,3425A,越秀幼儿园,苏州市,suzhou,120.624,31.173,pm25,40.91250991821289,27.208742141723633,28.0
2023-02-03T23:00:00,23,109,3425A,越秀幼儿园,苏州市,suzhou,120.624,31.173,o3,21.902698516845703,14.75809097290039,3.0000038146972656
2023-02-03T23:00:00,23,110,3427A,六合雄州,南京市,nanjing,118.855,32.358,pm25,101.61927795410156,50.5166015625,47.0
2023-02-03T23:00:00,23,110,3427A,六合雄州,南京市,nanjing,118.855,32.358,o3,18.807926177978516,5.545654296875,3.0000038146972656
2023-02-03T23:00:00,23,111,3428A,华庄,无锡市,wuxi,120.314,31.475,pm25,47.4749755859375,28.411407470703125,29.0
2023-02-03T23:00:00,23,111,3428A,华庄,无锡市,wuxi,120.314,31.475,o3,19.508323669433594,11.8753662109375,4.0
2023-02-03T23:00:00,23,112,3429A,武进经发区,常州市,changzhou,119.86,31.707,pm25,62.45778274536133,38.59090805053711,39.0
2023-02-03T23:00:00,23,112,3429A,武进经发区,常州市,changzhou,119.86,31.707,o3,22.139984130859375,11.912059783935547,6.0
2023-02-03T23:00:00,23,113,3430A,金坛城区,常州市,changzhou,119.583,31.724,pm25,73.79423522949219,41.8603401184082,40.0
2023-02-03T23:00:00,23,113,3430A,金坛城区,常州市,changzhou,119.583,31.724,o3,23.618724822998047,7.0323028564453125,3.0000038146972656
2023-02-03T23:00:00,23,114,3431A,高铁新城,苏州市,suzhou,120.65,31.416,pm25,39.490360260009766,24.268465042114258,25.0
2023-02-03T23:00:00,23,114,3431A,高铁新城,苏州市,suzhou,120.65,31.416,o3,23.23794937133789,27.28188705444336,7.0
2023-02-03T23:00:00,23,115,3432A,环境教育馆,南通市,nantong,120.935,31.988,pm25,41.921142578125,24.358875274658203,25.0
2023-02-03T23:00:00,23,115,3432A,环境教育馆,南通市,nantong,120.935,31.988,o3,24.64220428466797,8.307792663574219,5.0
2023-02-03T23:00:00,23,116,3435A,周山河街区,泰州市,taizhou,119.919,32.432,pm25,67.611328125,38.8065185546875,48.0
2023-02-03T23:00:00,23,116,3435A,周山河街区,泰州市,taizhou,119.919,32.432,o3,35.45356750488281,46.45024108886719,38.0
2023-02-03T23:00:00,23,117,3544A,奉贤南桥新城,上海市,shanghai,121.489,30.925,pm25,35.69288635253906,14.505483627319336,19.0
2023-02-03T23:00:00,23,117,3544A,奉贤南桥新城,上海市,shanghai,121.489,30.925,o3,33.7349967956543,32.445709228515625,34.0
2023-02-03T23:00:00,23,118,3557A,镇二中,杭州市,hangzhou,119.946,30.049,pm25,60.1180419921875,40.421875,22.0
2023-02-03T23:00:00,23,118,3557A,镇二中,杭州市,hangzhou,119.946,30.049,o3,19.45172119140625,4.373405456542969,30.0
2023-02-03T23:00:00,23,119,3558A,市府大楼,杭州市,hangzhou,119.718,30.237,pm25,61.387229919433594,41.428096771240234,42.0
2023-02-03T23:00:00,23,119,3558A,市府大楼,杭州市,hangzhou,119.718,30.237,o3,23.257854461669922,11.361869812011719,10.0
2023-02-03T23:00:00,23,120,3560A,柯桥妇保,绍兴市,shaoxing,120.472,30.042,pm25,48.91016387939453,26.529563903808594,26.0
2023-02-03T23:00:00,23,120,3560A,柯桥妇保,绍兴市,shaoxing,120.472,30.042,o3,23.96429443359375,11.046772003173828,7.0
2023-02-03T23:00:00,23,121,3562A,南浔区站,湖州市,huzhou,120.415,30.854,pm25,40.244102478027344,21.417619705200195,25.0
2023-02-03T23:00:00,23,121,3562A,南浔区站,湖州市,huzhou,120.415,30.854,o3,26.941505432128906,27.067058563232422,30.0
2023-02-03T23:00:00,23,122,3564A,台州科技职业学院,台州市,taizhou,121.257,28.668,pm25,59.457237243652344,25.819421768188477,25.0
2023-02-03T23:00:00,23,122,3564A,台州科技职业学院,台州市,taizhou,121.257,28.668,o3,37.10146713256836,21.362937927246094,17.0
2023-02-03T23:00:00,23,123,3656A,消防大队,杭州市,hangzhou,120.156,30.286,pm25,51.47051239013672,25.659950256347656,19.0
2023-02-03T23:00:00,23,123,3656A,消防大队,杭州市,hangzhou,120.156,30.286,o3,24.441547393798828,19.20901107788086,25.0
2023-02-03T23:00:00,23,124,3658A,袍江中学,绍兴市,shaoxing,120.615,30.076,pm25,40.38083267211914,18.52637481689453,17.0
2023-02-03T23:00:00,23,124,3658A,袍江中学,绍兴市,shaoxing,120.615,30.076,o3,34.920413970947266,34.26102066040039,21.0
2023-02-03T23:00:00,23,125,3710A,白沙活动中心,宁波市,ningbo,121.559,29.898,pm25,44.88964080810547,17.611902236938477,18.0
2023-02-03T23:00:00,23,125,3710A,白沙活动中心,宁波市,ningbo,121.559,29.898,o3,25.169532775878906,11.622241973876953,1.0
2023-02-03T23:00:00,23,126,4033A,普陀东港中学,舟山市,zhoushan,122.312,29.962,pm25,34.49327087402344,10.478267669677734,14.0
2023-02-03T23:00:00,23,126,4033A,普陀东港中学,舟山市,zhoushan,122.312,29.962,o3,52.1264533996582,63.945491790771484,58.0
